Pixel_i,Module1,Module2,Node1,Node2,X,Y,Z,Strip
0,5,5,ADO,JOB,11.673324187392726,92.57271281355987,38.85669773710268,9999
1,5,5,ADO,JOB,11.493487784785453,92.15825264711975,39.33255284420536,9999
2,5,5,ADO,JOB,11.313651382178179,91.74379248067963,39.80840795130804,9999
3,5,5,ADO,JOB,11.133814979570905,91.32933231423951,40.28426305841072,9999
4,5,5,ADO,JOB,10.953978576963632,90.91487214779939,40.760118165513404,9999
5,5,5,ADO,JOB,10.774142174356358,90.50041198135926,41.235973272616086,9999
6,5,5,ADO,JOB,10.594305771749084,90.08595181491914,41.71182837971877,9999
7,5,5,ADO,JOB,10.41446936914181,89.67149164847902,42.18768348682145,9999
8,5,5,ADO,JOB,10.234632966534537,89.2570314820389,42.66353859392413,9999
9,5,5,ADO,JOB,10.054796563927264,88.84257131559878,43.13939370102681,9999
10,5,5,ADO,JOB,9.87496016131999,88.42811114915865,43.61524880812949,9999
11,5,5,ADO,JOB,9.695123758712716,88.01365098271853,44.091103915232175,9999
12,5,5,ADO,JOB,9.515287356105443,87.59919081627841,44.566959022334856,9999
13,5,5,ADO,JOB,9.33545095349817,87.18473064983829,45.04281412943754,9999
14,5,5,ADO,JOB,9.155614550890895,86.77027048339816,45.51866923654022,9999
15,5,5,ADO,JOB,8.975778148283622,86.35581031695804,45.9945243436429,9999
16,5,5,ADO,JOB,8.795941745676348,85.94135015051792,46.47037945074558,9999
17,5,5,ADO,JOB,8.616105343069075,85.5268899840778,46.946234557848264,9999
18,5,5,ADO,JOB,8.436268940461801,85.11242981763768,47.422089664950946,9999
19,5,5,ADO,JOB,8.256432537854527,84.69796965119755,47.89794477205363,9999
20,5,5,ADO,JOB,8.076596135247254,84.28350948475743,48.37379987915631,9999
21,5,5,ADO,JOB,7.896759732639979,83.86904931831731,48.84965498625899,9999
22,5,5,ADO,JOB,7.716923330032705,83.45458915187719,49.32551009336167,9999
23,5,5,ADO,JOB,7.53708692742543,83.04012898543706,49.80136520046435,9999
24,5,5,ADO,JOB,7.357250524818156,82.62566881899694,50.277220307567035,9999
25,5,5,ADO,JOB,7.177414122210881,82.21120865255682,50.753075414669716,9999
26,5,5,ADO,JOB,6.997577719603607,81.7967484861167,51.2289305217724,9999
27,5,5,ADO,JOB,6.817741316996332,81.38228831967658,51.70478562887508,9999
28,5,5,ADO,JOB,6.637904914389058,80.96782815323645,52.18064073597776,9999
29,5,5,ADO,JOB,6.458068511781783,80.55336798679633,52.65649584308044,9999
30,5,5,ADO,JOB,6.278232109174509,80.13890782035621,53.132350950183124,9999
31,5,5,ADO,JOB,6.098395706567234,79.72444765391609,53.608206057285805,9999
32,5,5,ADO,JOB,5.9185593039599595,79.30998748747596,54.08406116438849,9999
33,5,5,ADO,JOB,5.738722901352685,78.89552732103584,54.55991627149117,9999
34,5,5,ADO,JOB,5.5588864987454105,78.48106715459572,55.03577137859385,9999
35,5,5,ADO,JOB,5.379050096138136,78.0666069881556,55.51162648569653,9999
36,5,5,ADO,JOB,5.1992136935308615,77.65214682171548,55.98748159279921,9999
37,5,5,ADO,JOB,5.019377290923587,77.23768665527535,56.463336699901895,9999
38,5,5,ADO,JOB,4.8395408883163125,76.82322648883523,56.939191807004576,9999
39,5,5,ADO,JOB,4.659704485709038,76.40876632239511,57.41504691410726,9999
40,5,5,ADO,JOB,4.479868083101763,75.99430615595499,57.89090202120994,9999
41,5,5,ADO,JOB,4.300031680494489,75.57984598951487,58.36675712831262,9999
42,5,5,ADO,JOB,4.120195277887214,75.16538582307474,58.8426122354153,9999
43,5,5,ADO,JOB,3.94035887527994,74.75092565663462,59.318467342517984,9999
44,5,5,ADO,JOB,3.7605224726726654,74.3364654901945,59.794322449620665,9999
45,5,5,ADO,NIL,12.029123987476893,92.38982889833066,38.587659880409646,9999
46,5,5,ADO,NIL,12.205087384953787,91.79248481666133,38.794477130819295,9999
47,5,5,ADO,NIL,12.38105078243068,91.195140734992,39.001294381228945,9999
48,5,5,ADO,NIL,12.557014179907574,90.59779665332266,39.208111631638594,9999
49,5,5,ADO,NIL,12.732977577384467,90.00045257165333,39.414928882048244,9999
50,5,5,ADO,NIL,12.90894097486136,89.40310848998399,39.62174613245789,9999
51,5,5,ADO,NIL,13.084904372338254,88.80576440831466,39.82856338286754,9999
52,5,5,ADO,NIL,13.260867769815148,88.20842032664532,40.03538063327719,9999
53,5,5,ADO,NIL,13.436831167292041,87.61107624497599,40.24219788368684,9999
54,5,5,ADO,NIL,13.612794564768935,87.01373216330666,40.44901513409649,9999
55,5,5,ADO,NIL,13.788757962245828,86.41638808163732,40.65583238450614,9999
56,5,5,ADO,NIL,13.964721359722722,85.81904399996799,40.86264963491579,9999
57,5,5,ADO,NIL,14.140684757199615,85.22169991829865,41.06946688532544,9999
58,5,5,ADO,NIL,14.316648154676509,84.62435583662932,41.27628413573509,9999
59,5,5,ADO,NIL,14.492611552153402,84.02701175495999,41.48310138614474,9999
60,5,5,ADO,NIL,14.668574949630296,83.42966767329065,41.68991863655439,9999
61,5,5,ADO,NIL,14.84453834710719,82.83232359162132,41.89673588696404,9999
62,5,5,ADO,NIL,15.020501744584083,82.23497950995198,42.10355313737369,9999
63,5,5,ADO,NIL,15.196465142060976,81.63763542828265,42.31037038778334,9999
64,5,5,ADO,NIL,15.37242853953787,81.04029134661332,42.517187638192986,9999
65,5,5,ADO,NIL,15.548391937014763,80.44294726494398,42.724004888602636,9999
66,5,5,ADO,NIL,15.724355334491657,79.84560318327465,42.930822139012285,9999
67,5,5,ADO,NIL,15.90031873196855,79.24825910160531,43.137639389421935,9999
68,5,5,ADO,NIL,16.076282129445445,78.65091501993598,43.344456639831584,9999
69,5,5,ADO,NIL,16.25224552692234,78.05357093826665,43.551273890241234,9999
70,5,5,ADO,NIL,16.428208924399236,77.45622685659731,43.75809114065088,9999
71,5,5,ADO,NIL,16.60417232187613,76.85888277492798,43.96490839106053,9999
72,5,5,ADO,NIL,16.780135719353027,76.26153869325864,44.17172564147018,9999
73,5,5,ADO,NIL,16.95609911682992,75.66419461158931,44.37854289187983,9999
74,5,5,ADO,NIL,17.132062514306817,75.06685052991998,44.58536014228948,9999
75,5,5,ADO,NIL,17.308025911783712,74.46950644825064,44.79217739269913,9999
76,5,5,ADO,NIL,17.483989309260608,73.8721623665813,44.99899464310878,9999
77,5,5,ADO,NIL,17.659952706737503,73.27481828491197,45.20581189351843,9999
78,5,5,ADO,NIL,17.835916104214398,72.67747420324264,45.41262914392808,9999
79,5,5,ADO,NIL,18.011879501691293,72.0801301215733,45.61944639433773,9999
80,5,5,ADO,NIL,18.18784289916819,71.48278603990397,45.82626364474738,9999
81,5,5,ADO,NIL,18.363806296645084,70.88544195823464,46.03308089515703,9999
82,5,5,ADO,NIL,18.53976969412198,70.2880978765653,46.23989814556668,9999
83,5,5,ADO,NIL,18.715733091598874,69.69075379489597,46.44671539597633,9999
84,5,5,ADO,NIL,18.89169648907577,69.09340971322663,46.653532646385976,9999
85,5,5,ADO,NIL,19.067659886552665,68.4960656315573,46.860349896795626,9999
86,5,5,ADO,NIL,19.24362328402956,67.89872154988797,47.067167147205275,9999
87,5,5,ADO,NIL,19.419586681506456,67.30137746821863,47.273984397614925,9999
88,5,5,ADO,NIL,19.59555007898335,66.7040333865493,47.480801648024574,9999
89,5,5,ADO,NIL,19.771513476460246,66.10668930487996,47.68761889843422,9999
90,5,5,ADO,NIL,19.94747687393714,65.50934522321063,47.89443614884387,9999
91,5,5,ADO,NIL,20.123440271414037,64.9120011415413,48.10125339925352,9999
92,5,5,ADO,NIL,20.299403668890932,64.31465705987196,48.30807064966317,9999
93,5,5,ADO,NIL,20.475367066367827,63.71731297820263,48.51488790007282,9999
94,5,5,ADO,NIL,20.651330463844722,63.119968896533294,48.72170515048247,9999
95,5,5,ADO,NIL,20.827293861321618,62.52262481486396,48.92852240089212,9999
96,5,5,ADO,NIL,21.003257258798513,61.925280733194626,49.13533965130177,9999
97,5,5,ADO,NIL,21.179220656275408,61.32793665152529,49.34215690171142,9999
98,5,5,ADO,NIL,21.355184053752303,60.73059256985596,49.54897415212107,9999
99,5,5,ADO,NIL,21.5311474512292,60.133248488186624,49.75579140253072,9999
100,5,5,ADO,NIL,21.707110848706094,59.53590440651729,49.96260865294037,9999
101,5,5,ADO,NIL,21.88307424618299,58.938560324847955,50.16942590335002,9999
102,5,5,ADO,NIL,22.059037643659885,58.34121624317862,50.37624315375967,9999
103,5,5,ADO,NIL,22.23500104113678,57.74387216150929,50.583060404169316,9999
104,5,5,ADO,NIL,22.410964438613675,57.14652807983995,50.789877654578966,9999
105,5,5,JOB,NAY,3.3688640906421026,74.91787733087338,59.33426609103444,9999
106,5,5,JOB,NAY,2.891933587284205,75.30276668174676,59.09984355206889,9999
107,5,5,JOB,NAY,2.4150030839263077,75.68765603262014,58.86542101310334,9999
108,5,5,JOB,NAY,1.9380725805684103,76.07254538349352,58.63099847413778,9999
109,5,5,JOB,NAY,1.4611420772105128,76.4574347343669,58.39657593517223,9999
110,5,5,JOB,NAY,0.9842115738526155,76.84232408524028,58.162153396206676,9999
111,5,5,JOB,NAY,0.5072810704947182,77.22721343611366,57.92773085724112,9999
112,5,5,JOB,NAY,0.030350567136820827,77.61210278698704,57.69330831827557,9999
113,5,5,JOB,NAY,-0.4465799362210765,77.99699213786042,57.458885779310016,9999
114,5,5,JOB,NAY,-0.9235104395789738,78.3818814887338,57.22446324034446,9999
115,5,5,JOB,NAY,-1.4004409429368712,78.76677083960718,56.99004070137891,9999
116,5,5,JOB,NAY,-1.8773714462947684,79.15166019048056,56.755618162413356,9999
117,5,5,JOB,NAY,-2.354301949652666,79.53654954135393,56.5211956234478,9999
118,5,5,JOB,NAY,-2.8312324530105633,79.92143889222731,56.28677308448225,9999
119,5,5,JOB,NAY,-3.3081629563684607,80.3063282431007,56.052350545516695,9999
120,5,5,JOB,NAY,-3.785093459726358,80.69121759397407,55.81792800655114,9999
121,5,5,JOB,NAY,-4.262023963084255,81.07610694484745,55.58350546758559,9999
122,5,5,JOB,NAY,-4.738954466442152,81.46099629572083,55.349082928620035,9999
123,5,5,JOB,NAY,-5.215884969800049,81.84588564659421,55.11466038965448,9999
124,5,5,JOB,NAY,-5.692815473157946,82.23077499746759,54.88023785068893,9999
125,5,5,JOB,NAY,-6.169745976515843,82.61566434834097,54.645815311723375,9999
126,5,5,JOB,NAY,-6.64667647987374,83.00055369921435,54.41139277275782,9999
127,5,5,JOB,NAY,-7.123606983231637,83.38544305008773,54.17697023379227,9999
128,5,5,JOB,NAY,-7.600537486589534,83.77033240096111,53.942547694826715,9999
129,5,5,JOB,NAY,-8.077467989947431,84.15522175183449,53.70812515586116,9999
130,5,5,JOB,NAY,-8.554398493305328,84.54011110270787,53.47370261689561,9999
131,5,5,JOB,NAY,-9.031328996663225,84.92500045358125,53.239280077930054,9999
132,5,5,JOB,NAY,-9.508259500021122,85.30988980445463,53.0048575389645,9999
133,5,5,JOB,NAY,-9.985190003379019,85.694779155328,52.77043499999895,9999
134,5,5,JOB,NAY,-10.462120506736916,86.07966850620139,52.536012461033394,9999
135,5,5,JOB,NAY,-10.939051010094813,86.46455785707477,52.30158992206784,9999
136,5,5,JOB,NAY,-11.41598151345271,86.84944720794815,52.06716738310229,9999
137,5,5,JOB,NAY,-11.892912016810607,87.23433655882152,51.832744844136734,9999
138,5,5,JOB,NAY,-12.369842520168504,87.6192259096949,51.59832230517118,9999
139,5,5,JOB,NAY,-12.846773023526401,88.00411526056828,51.36389976620563,9999
140,5,5,JOB,NAY,-13.323703526884298,88.38900461144166,51.12947722724007,9999
141,5,5,JOB,NAY,-13.800634030242195,88.77389396231504,50.89505468827452,9999
142,5,5,JOB,NAY,-14.277564533600092,89.15878331318842,50.66063214930897,9999
143,5,5,JOB,NIL,4.29875692436247,74.10957790930077,59.353966755178,9999
144,5,5,JOB,NIL,4.75171925472494,73.68616783860153,59.139244880356,9999
145,5,5,JOB,NIL,5.20468158508741,73.2627577679023,58.924523005534006,9999
146,5,5,JOB,NIL,5.6576439154498805,72.83934769720307,58.70980113071201,9999
147,5,5,JOB,NIL,6.110606245812351,72.41593762650383,58.49507925589001,9999
148,5,5,JOB,NIL,6.563568576174821,71.9925275558046,58.280357381068015,9999
149,5,5,JOB,NIL,7.016530906537291,71.56911748510537,58.06563550624602,9999
150,5,5,JOB,NIL,7.469493236899761,71.14570741440613,57.85091363142402,9999
151,5,5,JOB,NIL,7.922455567262231,70.7222973437069,57.636191756602024,9999
152,5,5,JOB,NIL,8.3754178976247,70.29888727300767,57.42146988178003,9999
153,5,5,JOB,NIL,8.82838022798717,69.87547720230843,57.20674800695803,9999
154,5,5,JOB,NIL,9.281342558349639,69.4520671316092,56.99202613213603,9999
155,5,5,JOB,NIL,9.734304888712108,69.02865706090996,56.777304257314036,9999
156,5,5,JOB,NIL,10.187267219074577,68.60524699021073,56.56258238249204,9999
157,5,5,JOB,NIL,10.640229549437047,68.1818369195115,56.34786050767004,9999
158,5,5,JOB,NIL,11.093191879799516,67.75842684881226,56.133138632848045,9999
159,5,5,JOB,NIL,11.546154210161985,67.33501677811303,55.91841675802605,9999
160,5,5,JOB,NIL,11.999116540524454,66.9116067074138,55.70369488320405,9999
161,5,5,JOB,NIL,12.452078870886924,66.48819663671456,55.488973008382054,9999
162,5,5,JOB,NIL,12.905041201249393,66.06478656601533,55.27425113356006,9999
163,5,5,JOB,NIL,13.358003531611862,65.6413764953161,55.05952925873806,9999
164,5,5,JOB,NIL,13.810965861974331,65.21796642461686,54.84480738391606,9999
165,5,5,JOB,NIL,14.2639281923368,64.79455635391763,54.630085509094066,9999
166,5,5,JOB,NIL,14.71689052269927,64.3711462832184,54.41536363427207,9999
167,5,5,JOB,NIL,15.16985285306174,63.94773621251916,54.20064175945007,9999
168,5,5,JOB,NIL,15.622815183424208,63.52432614181993,53.985919884628075,9999
169,5,5,JOB,NIL,16.07577751378668,63.10091607112069,53.77119800980608,9999
170,5,5,JOB,NIL,16.52873984414915,62.67750600042146,53.55647613498408,9999
171,5,5,JOB,NIL,16.98170217451162,62.254095929722226,53.341754260162084,9999
172,5,5,JOB,NIL,17.434664504874092,61.83068585902299,53.12703238534009,9999
173,5,5,JOB,NIL,17.887626835236563,61.40727578832376,52.91231051051809,9999
174,5,5,JOB,NIL,18.340589165599035,60.983865717624525,52.69758863569609,9999
175,5,5,JOB,NIL,18.793551495961506,60.56045564692529,52.482866760874096,9999
176,5,5,JOB,NIL,19.246513826323977,60.13704557622606,52.2681448860521,9999
177,5,5,JOB,NIL,19.699476156686448,59.713635505526824,52.0534230112301,9999
178,5,5,JOB,NIL,20.15243848704892,59.29022543482759,51.838701136408105,9999
179,5,5,JOB,NIL,20.60540081741139,58.86681536412836,51.62397926158611,9999
180,5,5,JOB,NIL,21.05836314777386,58.44340529342912,51.40925738676411,9999
181,5,5,JOB,NIL,21.51132547813633,58.01999522272989,51.194535511942114,9999
182,5,5,JOB,NIL,21.964287808498803,57.596585152030656,50.97981363712012,9999
183,5,5,JOB,NIL,22.417250138861274,57.17317508133142,50.76509176229812,9999
184,5,5,JOB,JUG,3.7292549583405448,73.91002178200367,59.73865354902261,9999
185,5,5,JOB,JUG,3.6127153226810895,73.28705558400733,59.90861846804522,9999
186,5,5,JOB,JUG,3.4961756870216343,72.664089386011,60.07858338706783,9999
187,5,5,JOB,JUG,3.379636051362179,72.04112318801467,60.24854830609044,9999
188,5,5,JOB,JUG,3.263096415702724,71.41815699001833,60.41851322511305,9999
189,5,5,JOB,JUG,3.1465567800432686,70.795190792022,60.588478144135664,9999
190,5,5,JOB,JUG,3.0300171443838133,70.17222459402566,60.758443063158275,9999
191,5,5,JOB,JUG,2.913477508724358,69.54925839602933,60.928407982180886,9999
192,5,5,JOB,JUG,2.796937873064903,68.926292198033,61.0983729012035,9999
193,5,5,JOB,JUG,2.6803982374054476,68.30332600003666,61.26833782022611,9999
194,5,5,JOB,JUG,2.5638586017459923,67.68035980204033,61.43830273924872,9999
195,5,5,JOB,JUG,2.447318966086537,67.057393604044,61.60826765827133,9999
196,5,5,JOB,JUG,2.330779330427082,66.43442740604766,61.77823257729394,9999
197,5,5,JOB,JUG,2.2142396947676266,65.81146120805133,61.94819749631655,9999
198,5,5,JOB,JUG,2.0977000591081714,65.188495010055,62.118162415339164,9999
199,5,5,JOB,JUG,1.981160423448716,64.56552881205866,62.288127334361775,9999
200,5,5,JOB,JUG,1.8646207877892604,63.94256261406233,62.458092253384386,9999
201,5,5,JOB,JUG,1.748081152129805,63.319596416066005,62.628057172407,9999
202,5,5,JOB,JUG,1.6315415164703495,62.69663021806968,62.79802209142961,9999
203,5,5,JOB,JUG,1.515001880810894,62.07366402007335,62.96798701045222,9999
204,5,5,JOB,JUG,1.3984622451514386,61.450697822077025,63.13795192947483,9999
205,5,5,JOB,JUG,1.2819226094919831,60.8277316240807,63.30791684849744,9999
206,5,5,JOB,JUG,1.1653829738325276,60.20476542608437,63.47788176752005,9999
207,5,5,JOB,JUG,1.0488433381730722,59.581799228088045,63.647846686542664,9999
208,5,5,JOB,JUG,0.9323037025136168,58.95883303009172,63.817811605565275,9999
209,5,5,JOB,JUG,0.8157640668541615,58.33586683209539,63.987776524587886,9999
210,5,5,JOB,JUG,0.6992244311947061,57.712900634099064,64.15774144361049,9999
211,5,5,JOB,JUG,0.5826847955352508,57.08993443610274,64.3277063626331,9999
212,5,5,JOB,JUG,0.4661451598757954,56.46696823810641,64.4976712816557,9999
213,5,5,JOB,JUG,0.34960552421634006,55.844002040110084,64.6676362006783,9999
214,5,5,JOB,JUG,0.23306588855688468,55.22103584211376,64.8376011197009,9999
215,5,5,JOB,JUG,0.1165262528974293,54.59806964411743,65.00756603872351,9999
216,5,5,JOB,JUG,-1.3382762026087347e-05,53.9751034461211,65.17753095774611,9999
217,5,5,JOB,JUG,-0.11655301842148147,53.35213724812478,65.34749587676872,9999
218,5,5,JOB,JUG,-0.23309265408093685,52.72917105012845,65.51746079579132,9999
219,5,5,JOB,JUG,-0.34963228974039223,52.10620485213212,65.68742571481393,9999
220,5,5,JOB,JUG,-0.46617192539984764,51.483238654135796,65.85739063383653,9999
221,5,5,JOB,JUG,-0.582711561059303,50.86027245613947,66.02735555285913,9999
222,5,5,JOB,JUG,-0.6992511967187583,50.23730625814314,66.19732047188174,9999
223,5,5,JOB,JUG,-0.8157908323782137,49.614340060146816,66.36728539090434,9999
224,5,5,JOB,JUG,-0.9323304680376691,48.99137386215049,66.53725030992695,9999
225,5,5,JOB,JUG,-1.0488701036971244,48.36840766415416,66.70721522894955,9999
226,5,5,JOB,JUG,-1.1654097393565799,47.745441466157835,66.87718014797215,9999
227,5,5,JOB,JUG,-1.2819493750160353,47.12247526816151,67.04714506699476,9999
228,5,5,JOB,JUG,-1.3984890106754908,46.49950907016518,67.21710998601736,9999
229,5,5,JOB,JUG,-1.5150286463349463,45.876542872168855,67.38707490503997,9999
230,5,5,JOB,JUG,-1.6315682819944017,45.25357667417253,67.55703982406257,9999
231,5,5,JOB,JUG,-1.7481079176538572,44.6306104761762,67.72700474308517,9999
232,5,5,JOB,JUG,-1.8646475533133127,44.007644278179875,67.89696966210778,9999
233,5,5,JOB,JUG,-1.9811871889727681,43.38467808018355,68.06693458113038,9999
234,5,5,JOB,JUG,-2.0977268246322236,42.76171188218722,68.23689950015299,9999
235,5,5,JOB,JUG,-2.214266460291679,42.138745684190894,68.40686441917559,9999
236,5,5,JOB,JUG,-2.330806095951134,41.51577948619457,68.5768293381982,9999
237,5,5,JOB,JUG,-2.4473457316105893,40.89281328819824,68.7467942572208,9999
238,5,5,JOB,JUG,-2.5638853672700446,40.269847090201914,68.9167591762434,9999
239,5,5,JOB,JUG,-2.6804250029295,39.64688089220559,69.086724095266,9999
240,5,5,JOB,TOY,4.468629030304928,74.66241375776985,59.40780768884974,9999
241,5,5,JOB,TOY,5.091463466609857,74.79183953553971,59.24692674769949,9999
242,5,5,JOB,TOY,5.714297902914785,74.92126531330956,59.08604580654924,9999
243,5,5,JOB,TOY,6.337132339219713,75.05069109107941,58.92516486539898,9999
244,5,5,JOB,TOY,6.9599667755246415,75.18011686884927,58.76428392424873,9999
245,5,5,JOB,TOY,7.58280121182957,75.30954264661912,58.603402983098476,9999
246,5,5,JOB,TOY,8.205635648134498,75.43896842438897,58.44252204194822,9999
247,5,5,JOB,TOY,8.828470084439425,75.56839420215883,58.28164110079797,9999
248,5,5,JOB,TOY,9.451304520744353,75.69781997992868,58.120760159647716,9999
249,5,5,JOB,TOY,10.07413895704928,75.82724575769853,57.95987921849746,9999
250,5,5,JOB,TOY,10.696973393354208,75.95667153546839,57.79899827734721,9999
251,5,5,JOB,TOY,11.319807829659135,76.08609731323824,57.638117336196956,9999
252,5,5,JOB,TOY,11.942642265964063,76.2155230910081,57.4772363950467,9999
253,5,5,JOB,TOY,12.56547670226899,76.34494886877795,57.31635545389645,9999
254,5,5,JOB,TOY,13.188311138573917,76.4743746465478,57.155474512746196,9999
255,5,5,JOB,TOY,13.811145574878845,76.60380042431765,56.99459357159594,9999
256,5,5,JOB,TOY,14.433980011183772,76.73322620208751,56.83371263044569,9999
257,5,5,JOB,TOY,15.0568144474887,76.86265197985736,56.672831689295435,9999
258,5,5,JOB,TOY,15.679648883793627,76.99207775762721,56.51195074814518,9999
259,5,5,JOB,TOY,16.302483320098556,77.12150353539707,56.35106980699493,9999
260,5,5,JOB,TOY,16.925317756403484,77.25092931316692,56.190188865844675,9999
261,5,5,JOB,TOY,17.54815219270841,77.38035509093677,56.02930792469442,9999
262,5,5,JOB,TOY,18.17098662901334,77.50978086870663,55.86842698354417,9999
263,5,5,JOB,TOY,18.793821065318266,77.63920664647648,55.707546042393915,9999
264,5,5,JOB,TOY,19.416655501623193,77.76863242424633,55.54666510124366,9999
265,5,5,JOB,TOY,20.03948993792812,77.89805820201619,55.38578416009341,9999
266,5,5,JOB,TOY,20.662324374233048,78.02748397978604,55.224903218943155,9999
267,5,5,JOB,TOY,21.285158810537975,78.1569097575559,55.0640222777929,9999
268,5,5,JOB,TOY,21.907993246842903,78.28633553532575,54.90314133664265,9999
269,5,5,JOB,TOY,22.53082768314783,78.4157613130956,54.742260395492394,9999
270,5,5,JOB,TOY,23.153662119452758,78.54518709086545,54.58137945434214,9999
271,5,5,JOB,TOY,23.776496555757685,78.67461286863531,54.42049851319189,9999
272,5,5,JOB,TOY,24.399330992062612,78.80403864640516,54.259617572041634,9999
273,5,5,JOB,TOY,25.02216542836754,78.93346442417501,54.09873663089138,9999
274,5,5,JOB,TOY,25.644999864672467,79.06289020194487,53.93785568974113,9999
275,5,5,JOB,TOY,26.267834300977395,79.19231597971472,53.776974748590874,9999
276,5,5,JOB,TOY,26.890668737282322,79.32174175748457,53.61609380744062,9999
277,5,5,JOB,TOY,27.51350317358725,79.45116753525443,53.45521286629037,9999
278,5,5,JOB,TOY,28.136337609892177,79.58059331302428,53.29433192514011,9999
279,5,5,JOB,TOY,28.759172046197104,79.71001909079413,53.13345098398986,9999
280,5,5,JOB,TOY,29.38200648250203,79.83944486856399,52.97257004283961,9999
281,5,5,JOB,TOY,30.00484091880696,79.96887064633384,52.81168910168935,9999
282,5,5,JOB,TOY,30.627675355111887,80.0982964241037,52.6508081605391,9999
283,5,5,JOB,TOY,31.250509791416814,80.22772220187355,52.489927219388846,9999
284,5,5,JOB,TOY,31.87334422772174,80.3571479796434,52.32904627823859,9999
285,5,5,JOB,TOY,32.49617866402667,80.48657375741325,52.16816533708834,9999
286,5,5,JOB,TOY,33.1190131003316,80.61599953518311,52.007284395938086,9999
287,5,5,JOB,TOY,33.74184753663653,80.74542531295296,51.84640345478783,9999
288,5,5,JOB,TOY,34.364681972941455,80.87485109072281,51.68552251363758,9999
289,5,5,JOB,TOY,34.98751640924638,81.00427686849267,51.524641572487326,9999
290,5,5,JUG,NIL,-2.16684160526501,40.236311214572204,68.67562786022019,9999
291,5,5,JUG,NIL,-1.7037258045300199,40.55596544914441,68.33813509044037,9999
292,5,5,JUG,NIL,-1.2406100037950298,40.875619683716614,68.00064232066056,9999
293,5,5,JUG,NIL,-0.7774942030600398,41.19527391828882,67.66314955088075,9999
294,5,5,JUG,NIL,-0.31437840232504977,41.514928152861025,67.32565678110093,9999
295,5,5,JUG,NIL,0.14873739840994027,41.83458238743323,66.98816401132112,9999
296,5,5,JUG,NIL,0.6118531991449303,42.154236622005435,66.6506712415413,9999
297,5,5,JUG,NIL,1.0749689998799203,42.47389085657764,66.31317847176149,9999
298,5,5,JUG,NIL,1.5380848006149104,42.793545091149845,65.97568570198167,9999
299,5,5,JUG,NIL,2.0012006013499004,43.11319932572205,65.63819293220186,9999
300,5,5,JUG,NIL,2.4643164020848904,43.432853560294255,65.30070016242205,9999
301,5,5,JUG,NIL,2.9274322028198805,43.75250779486646,64.96320739264223,9999
302,5,5,JUG,NIL,3.3905480035548705,44.072162029438665,64.62571462286242,9999
303,5,5,JUG,NIL,3.8536638042898606,44.39181626401087,64.2882218530826,9999
304,5,5,JUG,NIL,4.31677960502485,44.711470498583076,63.9507290833028,9999
305,5,5,JUG,NIL,4.77989540575984,45.03112473315528,63.61323631352299,9999
306,5,5,JUG,NIL,5.243011206494829,45.350778967727486,63.27574354374318,9999
307,5,5,JUG,NIL,5.706127007229819,45.67043320229969,62.938250773963375,9999
308,5,5,JUG,NIL,6.1692428079648085,45.990087436871896,62.60075800418357,9999
309,5,5,JUG,NIL,6.632358608699798,46.3097416714441,62.26326523440376,9999
310,5,5,JUG,NIL,7.095474409434788,46.629395906016306,61.925772464623954,9999
311,5,5,JUG,NIL,7.558590210169777,46.94905014058851,61.58827969484415,9999
312,5,5,JUG,NIL,8.021706010904767,47.268704375160716,61.25078692506434,9999
313,5,5,JUG,NIL,8.484821811639756,47.58835860973292,60.91329415528453,9999
314,5,5,JUG,NIL,8.947937612374746,47.90801284430513,60.575801385504725,9999
315,5,5,JUG,NIL,9.411053413109736,48.22766707887733,60.23830861572492,9999
316,5,5,JUG,NIL,9.874169213844725,48.54732131344954,59.90081584594511,9999
317,5,5,JUG,NIL,10.337285014579715,48.86697554802174,59.563323076165304,9999
318,5,5,JUG,NIL,10.800400815314704,49.18662978259395,59.2258303063855,9999
319,5,5,JUG,NIL,11.263516616049694,49.50628401716615,58.88833753660569,9999
320,5,5,JUG,NIL,11.726632416784684,49.82593825173836,58.55084476682588,9999
321,5,5,JUG,NIL,12.189748217519673,50.14559248631056,58.213351997046075,9999
322,5,5,JUG,NIL,12.652864018254663,50.46524672088277,57.87585922726627,9999
323,5,5,JUG,NIL,13.115979818989652,50.78490095545497,57.53836645748646,9999
324,5,5,JUG,NIL,13.579095619724642,51.10455519002718,57.200873687706654,9999
325,5,5,JUG,NIL,14.042211420459632,51.42420942459938,56.86338091792685,9999
326,5,5,JUG,NIL,14.505327221194621,51.74386365917159,56.52588814814704,9999
327,5,5,JUG,NIL,14.96844302192961,52.06351789374379,56.18839537836723,9999
328,5,5,JUG,NIL,15.4315588226646,52.383172128316,55.850902608587425,9999
329,5,5,JUG,NIL,15.89467462339959,52.7028263628882,55.51340983880762,9999
330,5,5,JUG,NIL,16.35779042413458,53.02248059746041,55.17591706902781,9999
331,5,5,JUG,NIL,16.82090622486957,53.34213483203261,54.838424299248004,9999
332,5,5,JUG,NIL,17.28402202560456,53.66178906660482,54.5009315294682,9999
333,5,5,JUG,NIL,17.74713782633955,53.98144330117702,54.16343875968839,9999
334,5,5,JUG,NIL,18.21025362707454,54.30109753574923,53.82594598990858,9999
335,5,5,JUG,NIL,18.67336942780953,54.620751770321434,53.488453220128775,9999
336,5,5,JUG,NIL,19.13648522854452,54.94040600489364,53.15096045034897,9999
337,5,5,JUG,NIL,19.59960102927951,55.260060239465844,52.81346768056916,9999
338,5,5,JUG,NIL,20.062716830014498,55.57971447403805,52.475974910789354,9999
339,5,5,JUG,NIL,20.525832630749488,55.899368708610254,52.13848214100955,9999
340,5,5,JUG,NIL,20.988948431484477,56.21902294318246,51.80098937122974,9999
341,5,5,JUG,NIL,21.452064232219467,56.538677177754664,51.46349660144993,9999
342,5,5,JUG,NIL,21.915180032954456,56.85833141232687,51.126003831670126,9999
343,5,5,JUG,NIL,22.378295833689446,57.177985646899074,50.78851106189032,9999
344,5,5,JUG,NIL,22.841411634424436,57.49763988147128,50.45101829211051,9999
345,5,5,NIL,TOY,22.695635411334102,57.775657928986355,50.79601978805456,9999
346,5,5,NIL,TOY,22.993527232668203,58.35990687797271,50.81770094610911,9999
347,5,5,NIL,TOY,23.291419054002304,58.94415582695907,50.83938210416367,9999
348,5,5,NIL,TOY,23.589310875336405,59.528404775945425,50.861063262218224,9999
349,5,5,NIL,TOY,23.887202696670506,60.11265372493178,50.88274442027278,9999
350,5,5,NIL,TOY,24.185094518004608,60.69690267391814,50.904425578327334,9999
351,5,5,NIL,TOY,24.48298633933871,61.281151622904495,50.92610673638189,9999
352,5,5,NIL,TOY,24.78087816067281,61.86540057189085,50.947787894436445,9999
353,5,5,NIL,TOY,25.07876998200691,62.44964952087721,50.969469052491,9999
354,5,5,NIL,TOY,25.376661803341012,63.033898469863566,50.991150210545555,9999
355,5,5,NIL,TOY,25.674553624675113,63.61814741884992,51.01283136860011,9999
356,5,5,NIL,TOY,25.972445446009214,64.20239636783629,51.034512526654666,9999
357,5,5,NIL,TOY,26.270337267343315,64.78664531682264,51.05619368470922,9999
358,5,5,NIL,TOY,26.568229088677416,65.370894265809,51.07787484276378,9999
359,5,5,NIL,TOY,26.866120910011517,65.95514321479536,51.09955600081833,9999
360,5,5,NIL,TOY,27.16401273134562,66.53939216378171,51.12123715887289,9999
361,5,5,NIL,TOY,27.46190455267972,67.12364111276807,51.14291831692744,9999
362,5,5,NIL,TOY,27.75979637401382,67.70789006175443,51.164599474982,9999
363,5,5,NIL,TOY,28.05768819534792,68.29213901074078,51.18628063303655,9999
364,5,5,NIL,TOY,28.355580016682023,68.87638795972714,51.20796179109111,9999
365,5,5,NIL,TOY,28.653471838016124,69.4606369087135,51.22964294914566,9999
366,5,5,NIL,TOY,28.951363659350225,70.04488585769985,51.25132410720022,9999
367,5,5,NIL,TOY,29.249255480684326,70.62913480668621,51.273005265254774,9999
368,5,5,NIL,TOY,29.547147302018427,71.21338375567257,51.29468642330933,9999
369,5,5,NIL,TOY,29.845039123352528,71.79763270465892,51.316367581363885,9999
370,5,5,NIL,TOY,30.14293094468663,72.38188165364528,51.33804873941844,9999
371,5,5,NIL,TOY,30.44082276602073,72.96613060263164,51.359729897472995,9999
372,5,5,NIL,TOY,30.73871458735483,73.550379551618,51.38141105552755,9999
373,5,5,NIL,TOY,31.036606408688932,74.13462850060435,51.403092213582106,9999
374,5,5,NIL,TOY,31.334498230023033,74.7188774495907,51.42477337163666,9999
375,5,5,NIL,TOY,31.632390051357135,75.30312639857706,51.446454529691216,9999
376,5,5,NIL,TOY,31.930281872691236,75.88737534756342,51.46813568774577,9999
377,5,5,NIL,TOY,32.22817369402534,76.47162429654978,51.48981684580033,9999
378,5,5,NIL,TOY,32.52606551535944,77.05587324553613,51.51149800385488,9999
379,5,5,NIL,TOY,32.823957336693546,77.64012219452249,51.53317916190944,9999
380,5,5,NIL,TOY,33.12184915802765,78.22437114350885,51.55486031996399,9999
381,5,5,NIL,TOY,33.419740979361755,78.8086200924952,51.57654147801855,9999
382,5,5,NIL,TOY,33.71763280069586,79.39286904148156,51.5982226360731,9999
383,5,5,NIL,TOY,34.015524622029965,79.97711799046792,51.61990379412766,9999
384,5,5,NIL,TOY,34.31341644336407,80.56136693945427,51.641584952182214,9999
385,5,5,NIL,TOY,34.611308264698174,81.14561588844063,51.66326611023677,9999
386,7,7,AHI,NIL,38.69323319409388,34.93793386837165,64.41787670698429,9999
387,7,7,AHI,NIL,38.364635798187756,35.420817756743304,64.11887278396857,9999
388,7,7,AHI,NIL,38.03603840228163,35.90370164511496,63.81986886095285,9999
389,7,7,AHI,NIL,37.70744100637551,36.38658553348661,63.520864937937134,9999
390,7,7,AHI,NIL,37.37884361046939,36.86946942185826,63.221861014921416,9999
391,7,7,AHI,NIL,37.050246214563266,37.352353310229915,62.9228570919057,9999
392,7,7,AHI,NIL,36.721648818657144,37.83523719860157,62.62385316888998,9999
393,7,7,AHI,NIL,36.39305142275102,38.31812108697322,62.32484924587426,9999
394,7,7,AHI,NIL,36.0644540268449,38.801004975344874,62.025845322858544,9999
395,7,7,AHI,NIL,35.73585663093878,39.28388886371653,61.726841399842826,9999
396,7,7,AHI,NIL,35.407259235032654,39.76677275208818,61.42783747682711,9999
397,7,7,AHI,NIL,35.07866183912653,40.24965664045983,61.12883355381139,9999
398,7,7,AHI,NIL,34.75006444322041,40.732540528831485,60.82982963079567,9999
399,7,7,AHI,NIL,34.42146704731429,41.21542441720314,60.530825707779954,9999
400,7,7,AHI,NIL,34.092869651408165,41.69830830557479,60.231821784764236,9999
401,7,7,AHI,NIL,33.76427225550204,42.181192193946444,59.93281786174852,9999
402,7,7,AHI,NIL,33.43567485959592,42.6640760823181,59.6338139387328,9999
403,7,7,AHI,NIL,33.1070774636898,43.14695997068975,59.33481001571708,9999
404,7,7,AHI,NIL,32.778480067783676,43.6298438590614,59.035806092701364,9999
405,7,7,AHI,NIL,32.44988267187755,44.112727747433055,58.736802169685646,9999
406,7,7,AHI,NIL,32.12128527597143,44.59561163580471,58.43779824666993,9999
407,7,7,AHI,NIL,31.79268788006531,45.07849552417636,58.13879432365421,9999
408,7,7,AHI,NIL,31.464090484159186,45.561379412548014,57.83979040063849,9999
409,7,7,AHI,NIL,31.135493088253064,46.04426330091967,57.540786477622774,9999
410,7,7,AHI,NIL,30.80689569234694,46.52714718929132,57.241782554607056,9999
411,7,7,AHI,NIL,30.47829829644082,47.01003107766297,56.94277863159134,9999
412,7,7,AHI,NIL,30.149700900534697,47.492914966034625,56.64377470857562,9999
413,7,7,AHI,NIL,29.821103504628574,47.97579885440628,56.3447707855599,9999
414,7,7,AHI,NIL,29.492506108722452,48.45868274277793,56.045766862544184,9999
415,7,7,AHI,NIL,29.16390871281633,48.941566631149584,55.746762939528466,9999
416,7,7,AHI,NIL,28.835311316910207,49.42445051952124,55.44775901651275,9999
417,7,7,AHI,NIL,28.506713921004085,49.90733440789289,55.14875509349703,9999
418,7,7,AHI,NIL,28.178116525097963,50.39021829626454,54.84975117048131,9999
419,7,7,AHI,NIL,27.84951912919184,50.873102184636195,54.550747247465594,9999
420,7,7,AHI,NIL,27.520921733285718,51.35598607300785,54.251743324449876,9999
421,7,7,AHI,NIL,27.192324337379596,51.8388699613795,53.95273940143416,9999
422,7,7,AHI,NIL,26.863726941473473,52.321753849751154,53.65373547841844,9999
423,7,7,AHI,NIL,26.53512954556735,52.80463773812281,53.35473155540272,9999
424,7,7,AHI,NIL,26.20653214966123,53.28752162649446,53.055727632387004,9999
425,7,7,AHI,NIL,25.877934753755106,53.77040551486611,52.756723709371286,9999
426,7,7,AHI,NIL,25.549337357848984,54.253289403237765,52.45771978635557,9999
427,7,7,AHI,NIL,25.22073996194286,54.73617329160942,52.15871586333985,9999
428,7,7,EON,NIL,62.21016355010446,51.37085893550783,48.18203588775804,9999
429,7,7,EON,NIL,61.56040651020892,51.42983889101566,48.25199014551608,9999
430,7,7,EON,NIL,60.91064947031338,51.48881884652349,48.321944403274124,9999
431,7,7,EON,NIL,60.26089243041784,51.54779880203132,48.391898661032165,9999
432,7,7,EON,NIL,59.6111353905223,51.60677875753915,48.46185291879021,9999
433,7,7,EON,NIL,58.96137835062676,51.66575871304698,48.53180717654825,9999
434,7,7,EON,NIL,58.31162131073122,51.724738668554814,48.60176143430629,9999
435,7,7,EON,NIL,57.66186427083568,51.783718624062644,48.67171569206433,9999
436,7,7,EON,NIL,57.01210723094014,51.842698579570474,48.741669949822374,9999
437,7,7,EON,NIL,56.3623501910446,51.901678535078304,48.811624207580415,9999
438,7,7,EON,NIL,55.71259315114906,51.960658490586134,48.88157846533846,9999
439,7,7,EON,NIL,55.06283611125352,52.019638446093964,48.9515327230965,9999
440,7,7,EON,NIL,54.41307907135798,52.078618401601794,49.02148698085454,9999
441,7,7,EON,NIL,53.76332203146244,52.137598357109624,49.09144123861258,9999
442,7,7,EON,NIL,53.113564991566896,52.196578312617454,49.16139549637062,9999
443,7,7,EON,NIL,52.463807951671356,52.255558268125284,49.231349754128665,9999
444,7,7,EON,NIL,51.814050911775816,52.314538223633114,49.30130401188671,9999
445,7,7,EON,NIL,51.164293871880275,52.373518179140945,49.37125826964475,9999
446,7,7,EON,NIL,50.514536831984735,52.432498134648775,49.44121252740279,9999
447,7,7,EON,NIL,49.864779792089195,52.491478090156605,49.51116678516083,9999
448,7,7,EON,NIL,49.215022752193654,52.550458045664435,49.58112104291887,9999
449,7,7,EON,NIL,48.565265712298114,52.609438001172265,49.651075300676915,9999
450,7,7,EON,NIL,47.915508672402574,52.668417956680095,49.72102955843496,9999
451,7,7,EON,NIL,47.26575163250703,52.727397912187925,49.790983816193,9999
452,7,7,EON,NIL,46.61599459261149,52.786377867695755,49.86093807395104,9999
453,7,7,EON,NIL,45.96623755271595,52.845357823203585,49.93089233170908,9999
454,7,7,EON,NIL,45.31648051282041,52.904337778711415,50.00084658946712,9999
455,7,7,EON,NIL,44.66672347292487,52.963317734219245,50.070800847225165,9999
456,7,7,EON,NIL,44.01696643302933,53.022297689727075,50.14075510498321,9999
457,7,7,EON,NIL,43.36720939313379,53.081277645234906,50.21070936274125,9999
458,7,7,EON,NIL,42.71745235323825,53.140257600742736,50.28066362049929,9999
459,7,7,EON,NIL,42.06769531334271,53.199237556250566,50.35061787825733,9999
460,7,7,EON,NIL,41.41793827344717,53.258217511758396,50.42057213601537,9999
461,7,7,EON,NIL,40.76818123355163,53.317197467266226,50.490526393773415,9999
462,7,7,EON,NIL,40.11842419365609,53.376177422774056,50.560480651531456,9999
463,7,7,EON,NIL,39.46866715376055,53.435157378281886,50.6304349092895,9999
464,7,7,EON,NIL,38.81891011386501,53.494137333789716,50.70038916704754,9999
465,7,7,EON,NIL,38.16915307396947,53.553117289297546,50.77034342480558,9999
466,7,7,EON,NIL,37.51939603407393,53.612097244805376,50.84029768256362,9999
467,7,7,EON,NIL,36.86963899417839,53.671077200313206,50.910251940321665,9999
468,7,7,EON,NIL,36.21988195428285,53.73005715582104,50.980206198079706,9999
469,7,7,EON,NIL,35.57012491438731,53.78903711132887,51.05016045583775,9999
470,7,7,EON,NIL,34.92036787449177,53.8480170668367,51.12011471359579,9999
471,7,7,EON,NIL,34.270610834596226,53.90699702234453,51.19006897135383,9999
472,7,7,EON,NIL,33.620853794700686,53.96597697785236,51.26002322911187,9999
473,7,7,EON,NIL,32.971096754805146,54.02495693336019,51.329977486869915,9999
474,7,7,EON,NIL,32.321339714909605,54.08393688886802,51.399931744627956,9999
475,7,7,EON,NIL,31.671582675014065,54.14291684437585,51.469886002386,9999
476,7,7,EON,NIL,31.021825635118525,54.20189679988368,51.53984026014404,9999
477,7,7,EON,NIL,30.372068595222984,54.26087675539151,51.60979451790208,9999
478,7,7,EON,NIL,29.722311555327444,54.31985671089934,51.67974877566012,9999
479,7,7,EON,NIL,29.072554515431904,54.37883666640717,51.749703033418164,9999
480,7,7,EON,NIL,28.422797475536363,54.437816621915,51.819657291176206,9999
481,7,7,EON,NIL,27.773040435640823,54.49679657742283,51.88961154893425,9999
482,7,7,EON,NIL,27.123283395745283,54.55577653293066,51.95956580669229,9999
483,7,7,EON,NIL,26.473526355849742,54.61475648843849,52.02952006445033,9999
484,7,7,EON,NIL,25.823769315954202,54.67373644394632,52.09947432220837,9999
485,7,7,EON,NIL,25.17401227605866,54.73271639945415,52.169428579966414,9999
486,7,7,ERA,NIL,17.400468486718417,17.867612966219145,60.42203701970898,9999
487,7,7,ERA,NIL,17.533583383436834,18.49459395243829,60.28156740941796,9999
488,7,7,ERA,NIL,17.666698280155252,19.121574938657435,60.14109779912694,9999
489,7,7,ERA,NIL,17.79981317687367,19.74855592487658,60.00062818883592,9999
490,7,7,ERA,NIL,17.932928073592088,20.375536911095725,59.8601585785449,9999
491,7,7,ERA,NIL,18.066042970310505,21.00251789731487,59.71968896825388,9999
492,7,7,ERA,NIL,18.199157867028923,21.629498883534016,59.579219357962856,9999
493,7,7,ERA,NIL,18.33227276374734,22.25647986975316,59.438749747671835,9999
494,7,7,ERA,NIL,18.46538766046576,22.883460855972306,59.298280137380814,9999
495,7,7,ERA,NIL,18.598502557184176,23.51044184219145,59.157810527089794,9999
496,7,7,ERA,NIL,18.731617453902594,24.137422828410596,59.01734091679877,9999
497,7,7,ERA,NIL,18.86473235062101,24.76440381462974,58.87687130650775,9999
498,7,7,ERA,NIL,18.99784724733943,25.391384800848886,58.73640169621673,9999
499,7,7,ERA,NIL,19.130962144057847,26.01836578706803,58.59593208592571,9999
500,7,7,ERA,NIL,19.264077040776264,26.645346773287176,58.45546247563469,9999
501,7,7,ERA,NIL,19.397191937494682,27.27232775950632,58.31499286534367,9999
502,7,7,ERA,NIL,19.5303068342131,27.899308745725467,58.17452325505265,9999
503,7,7,ERA,NIL,19.663421730931518,28.526289731944612,58.03405364476163,9999
504,7,7,ERA,NIL,19.796536627649935,29.153270718163757,57.89358403447061,9999
505,7,7,ERA,NIL,19.929651524368353,29.780251704382902,57.753114424179586,9999
506,7,7,ERA,NIL,20.06276642108677,30.407232690602047,57.612644813888565,9999
507,7,7,ERA,NIL,20.19588131780519,31.034213676821192,57.472175203597544,9999
508,7,7,ERA,NIL,20.328996214523606,31.661194663040337,57.33170559330652,9999
509,7,7,ERA,NIL,20.462111111242024,32.288175649259486,57.1912359830155,9999
510,7,7,ERA,NIL,20.59522600796044,32.91515663547863,57.05076637272448,9999
511,7,7,ERA,NIL,20.72834090467886,33.542137621697776,56.91029676243346,9999
512,7,7,ERA,NIL,20.861455801397277,34.16911860791692,56.76982715214244,9999
513,7,7,ERA,NIL,20.994570698115695,34.79609959413607,56.62935754185142,9999
514,7,7,ERA,NIL,21.127685594834112,35.42308058035521,56.4888879315604,9999
515,7,7,ERA,NIL,21.26080049155253,36.05006156657436,56.34841832126938,9999
516,7,7,ERA,NIL,21.393915388270948,36.6770425527935,56.20794871097836,9999
517,7,7,ERA,NIL,21.527030284989365,37.30402353901265,56.067479100687336,9999
518,7,7,ERA,NIL,21.660145181707783,37.93100452523179,55.927009490396316,9999
519,7,7,ERA,NIL,21.7932600784262,38.55798551145094,55.786539880105295,9999
520,7,7,ERA,NIL,21.92637497514462,39.18496649767008,55.646070269814274,9999
521,7,7,ERA,NIL,22.059489871863036,39.81194748388923,55.50560065952325,9999
522,7,7,ERA,NIL,22.192604768581454,40.43892847010837,55.36513104923223,9999
523,7,7,ERA,NIL,22.32571966529987,41.06590945632752,55.22466143894121,9999
524,7,7,ERA,NIL,22.45883456201829,41.69289044254666,55.08419182865019,9999
525,7,7,ERA,NIL,22.591949458736707,42.31987142876581,54.94372221835917,9999
526,7,7,ERA,NIL,22.725064355455125,42.94685241498495,54.80325260806815,9999
527,7,7,ERA,NIL,22.858179252173542,43.5738334012041,54.66278299777713,9999
528,7,7,ERA,NIL,22.99129414889196,44.20081438742324,54.52231338748611,9999
529,7,7,ERA,NIL,23.124409045610378,44.82779537364239,54.38184377719509,9999
530,7,7,ERA,NIL,23.257523942328795,45.45477635986153,54.241374166904066,9999
531,7,7,ERA,NIL,23.390638839047213,46.08175734608068,54.100904556613045,9999
532,7,7,ERA,NIL,23.52375373576563,46.70873833229982,53.960434946322025,9999
533,7,7,ERA,NIL,23.65686863248405,47.33571931851897,53.819965336031004,9999
534,7,7,ERA,NIL,23.789983529202466,47.962700304738114,53.67949572573998,9999
535,7,7,ERA,NIL,23.923098425920884,48.58968129095726,53.53902611544896,9999
536,7,7,ERA,NIL,24.0562133226393,49.216662277176404,53.39855650515794,9999
537,7,7,ERA,NIL,24.18932821935772,49.84364326339555,53.25808689486692,9999
538,7,7,ERA,NIL,24.322443116076137,50.470624249614694,53.1176172845759,9999
539,7,7,ERA,NIL,24.455558012794555,51.09760523583384,52.97714767428488,9999
540,7,7,ERA,NIL,24.588672909512972,51.724586222052984,52.83667806399386,9999
541,7,7,ERA,NIL,24.72178780623139,52.35156720827213,52.69620845370284,9999
542,7,7,ERA,NIL,24.854902702949808,52.978548194491275,52.55573884341182,9999
543,7,7,ERA,NIL,24.988017599668225,53.60552918071042,52.415269233120796,9999
544,7,7,ERA,NIL,25.121132496386643,54.232510166929565,52.274799622829775,9999
545,7,7,ERA,NIL,25.25424739310506,54.85949115314871,52.134330012538754,9999
546,7,7,NIL,TOY,25.5234102484714,55.312276703276645,52.193449243461856,9999
547,7,7,NIL,TOY,25.8204969069428,55.89658542655329,52.22310185692371,9999
548,7,7,NIL,TOY,26.1175835654142,56.48089414982993,52.25275447038557,9999
549,7,7,NIL,TOY,26.4146702238856,57.06520287310657,52.282407083847424,9999
550,7,7,NIL,TOY,26.711756882357,57.64951159638321,52.31205969730928,9999
551,7,7,NIL,TOY,27.0088435408284,58.233820319659856,52.341712310771136,9999
552,7,7,NIL,TOY,27.3059301992998,58.8181290429365,52.37136492423299,9999
553,7,7,NIL,TOY,27.603016857771202,59.40243776621314,52.40101753769485,9999
554,7,7,NIL,TOY,27.900103516242602,59.98674648948978,52.430670151156704,9999
555,7,7,NIL,TOY,28.197190174714002,60.571055212766424,52.46032276461856,9999
556,7,7,NIL,TOY,28.494276833185403,61.15536393604307,52.489975378080416,9999
557,7,7,NIL,TOY,28.791363491656803,61.73967265931971,52.51962799154227,9999
558,7,7,NIL,TOY,29.088450150128203,62.32398138259635,52.54928060500413,9999
559,7,7,NIL,TOY,29.385536808599603,62.90829010587299,52.578933218465984,9999
560,7,7,NIL,TOY,29.682623467071004,63.492598829149635,52.60858583192784,9999
561,7,7,NIL,TOY,29.979710125542404,64.07690755242628,52.638238445389696,9999
562,7,7,NIL,TOY,30.276796784013804,64.66121627570291,52.66789105885155,9999
563,7,7,NIL,TOY,30.573883442485204,65.24552499897955,52.69754367231341,9999
564,7,7,NIL,TOY,30.870970100956605,65.82983372225618,52.727196285775264,9999
565,7,7,NIL,TOY,31.168056759428005,66.41414244553282,52.75684889923712,9999
566,7,7,NIL,TOY,31.465143417899405,66.99845116880945,52.786501512698976,9999
567,7,7,NIL,TOY,31.762230076370805,67.58275989208609,52.81615412616083,9999
568,7,7,NIL,TOY,32.059316734842206,68.16706861536272,52.84580673962269,9999
569,7,7,NIL,TOY,32.356403393313606,68.75137733863936,52.875459353084544,9999
570,7,7,NIL,TOY,32.653490051785006,69.335686061916,52.9051119665464,9999
571,7,7,NIL,TOY,32.950576710256406,69.91999478519263,52.934764580008256,9999
572,7,7,NIL,TOY,33.24766336872781,70.50430350846926,52.96441719347011,9999
573,7,7,NIL,TOY,33.54475002719921,71.0886122317459,52.99406980693197,9999
574,7,7,NIL,TOY,33.84183668567061,71.67292095502253,53.023722420393824,9999
575,7,7,NIL,TOY,34.13892334414201,72.25722967829917,53.05337503385568,9999
576,7,7,NIL,TOY,34.43601000261341,72.8415384015758,53.083027647317536,9999
577,7,7,NIL,TOY,34.73309666108481,73.42584712485244,53.11268026077939,9999
578,7,7,NIL,TOY,35.03018331955621,74.01015584812907,53.14233287424125,9999
579,7,7,NIL,TOY,35.32726997802761,74.59446457140571,53.171985487703104,9999
580,7,7,NIL,TOY,35.62435663649901,75.17877329468234,53.20163810116496,9999
581,7,7,NIL,TOY,35.92144329497041,75.76308201795898,53.231290714626816,9999
582,7,7,NIL,TOY,36.21852995344181,76.34739074123561,53.26094332808867,9999
583,7,7,NIL,TOY,36.51561661191321,76.93169946451225,53.29059594155053,9999
584,7,7,NIL,TOY,36.81270327038461,77.51600818778888,53.320248555012384,9999
585,7,7,NIL,TOY,37.10978992885601,78.10031691106552,53.34990116847424,9999
586,6,6,ERA,JUG,11.238448424889881,18.17918465586069,61.4416817077566,9999
587,6,6,ERA,JUG,10.841655259779763,18.64906233172138,61.6704317855132,9999
588,6,6,ERA,JUG,10.444862094669645,19.118940007582072,61.8991818632698,9999
589,6,6,ERA,JUG,10.048068929559527,19.588817683442763,62.127931941026404,9999
590,6,6,ERA,JUG,9.651275764449409,20.058695359303453,62.356682018783005,9999
591,6,6,ERA,JUG,9.25448259933929,20.528573035164143,62.585432096539606,9999
592,6,6,ERA,JUG,8.857689434229172,20.998450711024834,62.81418217429621,9999
593,6,6,ERA,JUG,8.460896269119054,21.468328386885524,63.04293225205281,9999
594,6,6,ERA,JUG,8.064103104008936,21.938206062746215,63.27168232980941,9999
595,6,6,ERA,JUG,7.667309938898819,22.408083738606905,63.50043240756601,9999
596,6,6,ERA,JUG,7.270516773788701,22.877961414467595,63.72918248532261,9999
597,6,6,ERA,JUG,6.873723608678584,23.347839090328286,63.95793256307921,9999
598,6,6,ERA,JUG,6.476930443568467,23.817716766188976,64.18668264083581,9999
599,6,6,ERA,JUG,6.080137278458349,24.287594442049667,64.41543271859241,9999
600,6,6,ERA,JUG,5.683344113348232,24.757472117910357,64.64418279634901,9999
601,6,6,ERA,JUG,5.286550948238115,25.227349793771047,64.87293287410562,9999
602,6,6,ERA,JUG,4.8897577831279975,25.697227469631738,65.10168295186222,9999
603,6,6,ERA,JUG,4.49296461801788,26.167105145492428,65.33043302961882,9999
604,6,6,ERA,JUG,4.096171452907763,26.63698282135312,65.55918310737542,9999
605,6,6,ERA,JUG,3.699378287797645,27.10686049721381,65.78793318513202,9999
606,6,6,ERA,JUG,3.3025851226875274,27.5767381730745,66.01668326288862,9999
607,6,6,ERA,JUG,2.9057919575774096,28.04661584893519,66.24543334064522,9999
608,6,6,ERA,JUG,2.508998792467292,28.51649352479588,66.47418341840182,9999
609,6,6,ERA,JUG,2.112205627357174,28.98637120065657,66.70293349615842,9999
610,6,6,ERA,JUG,1.7154124622470563,29.45624887651726,66.93168357391502,9999
611,6,6,ERA,JUG,1.3186192971369386,29.92612655237795,67.16043365167162,9999
612,6,6,ERA,JUG,0.921826132026821,30.396004228238642,67.38918372942823,9999
613,6,6,ERA,JUG,0.5250329669167033,30.865881904099332,67.61793380718483,9999
614,6,6,ERA,JUG,0.12823980180658567,31.335759579960023,67.84668388494143,9999
615,6,6,ERA,JUG,-0.26855336330353197,31.805637255820713,68.07543396269803,9999
616,6,6,ERA,JUG,-0.6653465284136496,32.2755149316814,68.30418404045463,9999
617,6,6,ERA,JUG,-1.0621396935237672,32.74539260754209,68.53293411821123,9999
618,6,6,ERA,JUG,-1.4589328586338848,33.21527028340277,68.76168419596783,9999
619,6,6,ERA,JUG,-1.8557260237440025,33.68514795926346,68.99043427372443,9999
620,6,6,ERA,JUG,-2.2525191888541203,34.15502563512415,69.21918435148103,9999
621,6,6,ERA,JUG,-2.649312353964238,34.624903310984834,69.44793442923763,9999
622,6,6,ERA,JUG,-3.046105519074356,35.09478098684552,69.67668450699423,9999
623,6,6,ERA,JUG,-3.4428986841844735,35.56465866270621,69.90543458475084,9999
624,6,6,ERA,JUG,-3.8396918492945913,36.034536338566895,70.13418466250744,9999
625,6,6,ERA,JUG,-4.236485014404709,36.50441401442758,70.36293474026404,9999
626,6,6,ERA,JUG,-4.633278179514826,36.97429169028827,70.59168481802064,9999
627,6,6,ERA,JUG,-5.030071344624943,37.444169366148955,70.82043489577724,9999
628,6,6,ERA,JUG,-5.4268645097350605,37.91404704200964,71.04918497353384,9999
629,6,6,ERA,JUG,-5.823657674845178,38.38392471787033,71.27793505129044,9999
630,6,6,JUG,RIB,-5.362437181600565,37.280335409475825,71.1709638676428,9999
631,6,6,JUG,RIB,-5.291385957201129,36.63877983895165,71.28892410528559,9999
632,6,6,JUG,RIB,-5.220334732801693,35.99722426842747,71.40688434292838,9999
633,6,6,JUG,RIB,-5.149283508402258,35.3556686979033,71.52484458057117,9999
634,6,6,JUG,RIB,-5.078232284002822,34.71411312737912,71.64280481821396,9999
635,6,6,JUG,RIB,-5.007181059603386,34.072557556854946,71.76076505585675,9999
636,6,6,JUG,RIB,-4.936129835203951,33.43100198633077,71.87872529349954,9999
637,6,6,JUG,RIB,-4.865078610804515,32.789446415806594,71.99668553114233,9999
638,6,6,JUG,RIB,-4.794027386405079,32.14789084528242,72.11464576878512,9999
639,6,6,JUG,RIB,-4.722976162005644,31.506335274758246,72.23260600642791,9999
640,6,6,JUG,RIB,-4.651924937606208,30.864779704234074,72.3505662440707,9999
641,6,6,JUG,RIB,-4.580873713206772,30.223224133709902,72.4685264817135,9999
642,6,6,JUG,RIB,-4.509822488807337,29.58166856318573,72.58648671935629,9999
643,6,6,JUG,RIB,-4.438771264407901,28.940112992661557,72.70444695699908,9999
644,6,6,JUG,RIB,-4.367720040008465,28.298557422137385,72.82240719464187,9999
645,6,6,JUG,RIB,-4.29666881560903,27.657001851613213,72.94036743228466,9999
646,6,6,JUG,RIB,-4.225617591209594,27.01544628108904,73.05832766992745,9999
647,6,6,JUG,RIB,-4.154566366810158,26.37389071056487,73.17628790757024,9999
648,6,6,JUG,RIB,-4.0835151424107226,25.732335140040696,73.29424814521303,9999
649,6,6,JUG,RIB,-4.012463918011287,25.090779569516524,73.41220838285582,9999
650,6,6,JUG,RIB,-3.941412693611851,24.449223998992352,73.53016862049861,9999
651,6,6,JUG,RIB,-3.8703614692124155,23.80766842846818,73.6481288581414,9999
652,6,6,JUG,RIB,-3.79931024481298,23.166112857944007,73.7660890957842,9999
653,6,6,JUG,RIB,-3.728259020413544,22.524557287419835,73.88404933342699,9999
654,6,6,JUG,RIB,-3.6572077960141085,21.883001716895663,74.00200957106978,9999
655,6,6,JUG,RIB,-3.586156571614673,21.24144614637149,74.11996980871257,9999
656,6,6,JUG,RIB,-3.515105347215237,20.59989057584732,74.23793004635536,9999
657,6,6,JUG,RIB,-3.4440541228158015,19.958335005323146,74.35589028399815,9999
658,6,6,JUG,RIB,-3.373002898416366,19.316779434798974,74.47385052164094,9999
659,6,6,JUG,RIB,-3.30195167401693,18.675223864274802,74.59181075928373,9999
660,6,6,JUG,RIB,-3.2309004496174945,18.03366829375063,74.70977099692652,9999
661,6,6,JUG,RIB,-3.1598492252180588,17.392112723226457,74.82773123456931,9999
662,6,6,JUG,RIB,-3.088798000818623,16.750557152702285,74.9456914722121,9999
663,6,6,JUG,RIB,-3.0177467764191874,16.109001582178113,75.0636517098549,9999
664,6,6,JUG,RIB,-2.9466955520197518,15.46744601165394,75.18161194749769,9999
665,6,6,JUG,RIB,-2.875644327620316,14.825890441129769,75.29957218514048,9999
666,6,6,JUG,RIB,-2.8045931032208804,14.184334870605596,75.41753242278327,9999
667,6,6,JUG,RIB,-2.7335418788214447,13.542779300081424,75.53549266042606,9999
668,6,6,JUG,RIB,-2.662490654422009,12.901223729557252,75.65345289806885,9999
669,6,6,JUG,RIB,-2.5914394300225734,12.25966815903308,75.77141313571164,9999
670,6,6,JUG,RIB,-2.5203882056231377,11.618112588508907,75.88937337335443,9999
671,6,6,JUG,RIB,-2.449336981223702,10.976557017984735,76.00733361099722,9999
672,6,6,JUG,RIB,-2.3782857568242664,10.335001447460563,76.12529384864001,9999
673,6,6,JUG,RIB,-2.3072345324248307,9.69344587693639,76.2432540862828,9999
674,6,6,JUG,RIB,-2.236183308025395,9.051890306412218,76.3612143239256,9999
675,6,6,JUG,RIB,-2.1651320836259593,8.410334735888046,76.47917456156839,9999
676,6,6,JUG,RIB,-2.0940808592265236,7.768779165363874,76.59713479921118,9999
677,6,6,JUG,RIB,-2.023029634827088,7.127223594839702,76.71509503685397,9999
678,6,6,JUG,RIB,-1.9519784104276523,6.48566802431553,76.83305527449676,9999
679,6,6,JUG,RIB,-1.8809271860282166,5.844112453791357,76.95101551213955,9999
680,6,6,JUG,RIB,-1.809875961628781,5.202556883267185,77.06897574978234,9999
681,6,6,JUG,RIB,-1.7388247372293453,4.561001312743013,77.18693598742513,9999
682,6,6,JUG,RIB,-1.6677735128299096,3.9194457422188402,77.30489622506792,9999
683,6,6,JUG,RIB,-1.596722288430474,3.2778901716946676,77.42285646271071,9999
684,6,6,JUG,RIB,-1.5256710640310382,2.636334601170495,77.5408167003535,9999
685,6,6,JUG,RIB,-1.4546198396316026,1.9947790306463222,77.6587769379963,9999
686,6,6,JUG,RIB,-1.383568615232167,1.3532234601221496,77.77673717563908,9999
687,6,6,JUG,RIB,-1.3125173908327312,0.711667889597977,77.89469741328188,9999
688,6,6,JUG,SOY,-5.7752143588028515,37.37909433828738,70.9146142404122,9999
689,6,6,JUG,SOY,-6.116940311605703,36.83629769657476,70.7762248508244,9999
690,6,6,JUG,SOY,-6.458666264408554,36.29350105486214,70.6378354612366,9999
691,6,6,JUG,SOY,-6.800392217211405,35.75070441314952,70.4994460716488,9999
692,6,6,JUG,SOY,-7.142118170014256,35.2079077714369,70.361056682061,9999
693,6,6,JUG,SOY,-7.483844122817107,34.66511112972428,70.2226672924732,9999
694,6,6,JUG,SOY,-7.825570075619958,34.12231448801166,70.0842779028854,9999
695,6,6,JUG,SOY,-8.16729602842281,33.57951784629904,69.9458885132976,9999
696,6,6,JUG,SOY,-8.50902198122566,33.03672120458642,69.8074991237098,9999
697,6,6,JUG,SOY,-8.85074793402851,32.4939245628738,69.669109734122,9999
698,6,6,JUG,SOY,-9.19247388683136,31.95112792116118,69.5307203445342,9999
699,6,6,JUG,SOY,-9.53419983963421,31.40833127944856,69.3923309549464,9999
700,6,6,JUG,SOY,-9.87592579243706,30.86553463773594,69.2539415653586,9999
701,6,6,JUG,SOY,-10.21765174523991,30.32273799602332,69.1155521757708,9999
702,6,6,JUG,SOY,-10.559377698042761,29.7799413543107,68.977162786183,9999
703,6,6,JUG,SOY,-10.901103650845611,29.23714471259808,68.8387733965952,9999
704,6,6,JUG,SOY,-11.242829603648461,28.69434807088546,68.7003840070074,9999
705,6,6,JUG,SOY,-11.584555556451312,28.15155142917284,68.5619946174196,9999
706,6,6,JUG,SOY,-11.926281509254162,27.60875478746022,68.4236052278318,9999
707,6,6,JUG,SOY,-12.268007462057012,27.0659581457476,68.285215838244,9999
708,6,6,JUG,SOY,-12.609733414859862,26.52316150403498,68.1468264486562,9999
709,6,6,JUG,SOY,-12.951459367662713,25.98036486232236,68.0084370590684,9999
710,6,6,JUG,SOY,-13.293185320465563,25.43756822060974,67.8700476694806,9999
711,6,6,JUG,SOY,-13.634911273268413,24.89477157889712,67.7316582798928,9999
712,6,6,JUG,SOY,-13.976637226071263,24.3519749371845,67.593268890305,9999
713,6,6,JUG,SOY,-14.318363178874113,23.80917829547188,67.4548795007172,9999
714,6,6,JUG,SOY,-14.660089131676964,23.26638165375926,67.3164901111294,9999
715,6,6,JUG,SOY,-15.001815084479814,22.72358501204664,67.1781007215416,9999
716,6,6,JUG,SOY,-15.343541037282664,22.18078837033402,67.0397113319538,9999
717,6,6,JUG,SOY,-15.685266990085514,21.6379917286214,66.901321942366,9999
718,6,6,JUG,SOY,-16.026992942888366,21.09519508690878,66.7629325527782,9999
719,6,6,JUG,SOY,-16.368718895691217,20.55239844519616,66.6245431631904,9999
720,6,6,JUG,SOY,-16.710444848494067,20.00960180348354,66.4861537736026,9999
721,6,6,JUG,SOY,-17.052170801296917,19.46680516177092,66.3477643840148,9999
722,6,6,JUG,SOY,-17.393896754099767,18.9240085200583,66.209374994427,9999
723,6,6,JUG,SOY,-17.735622706902618,18.38121187834568,66.0709856048392,9999
724,6,6,JUG,SOY,-18.077348659705468,17.83841523663306,65.9325962152514,9999
725,6,6,JUG,SOY,-18.419074612508318,17.29561859492044,65.7942068256636,9999
726,6,6,JUG,SOY,-18.76080056531117,16.75282195320782,65.6558174360758,9999
727,6,6,JUG,SOY,-19.10252651811402,16.2100253114952,65.51742804648799,9999
728,6,6,JUG,SOY,-19.44425247091687,15.667228669782581,65.37903865690019,9999
729,6,6,JUG,SOY,-19.78597842371972,15.124432028069961,65.24064926731239,9999
730,6,6,JUG,SOY,-20.12770437652257,14.581635386357341,65.10225987772459,9999
731,6,6,JUG,SOY,-20.46943032932542,14.038838744644721,64.96387048813679,9999
732,6,6,JUG,SOY,-20.81115628212827,13.496042102932101,64.82548109854899,9999
733,6,6,JUG,SOY,-21.15288223493112,12.953245461219481,64.68709170896119,9999
734,6,6,JUG,SOY,-21.49460818773397,12.410448819506861,64.54870231937339,9999
735,6,6,JUG,SOY,-21.83633414053682,11.867652177794241,64.41031292978559,9999
736,6,6,JUG,SOY,-22.17806009333967,11.324855536081621,64.27192354019779,9999
737,6,6,JUG,SOY,-22.51978604614252,10.782058894369001,64.13353415060999,9999
738,6,6,JUG,SOY,-22.86151199894537,10.239262252656381,63.99514476102218,9999
739,6,6,JUG,SOY,-23.20323795174822,9.696465610943761,63.856755371434375,9999
740,6,6,JUG,SOY,-23.54496390455107,9.153668969231141,63.71836598184657,9999
741,6,6,JUG,SOY,-23.88668985735392,8.610872327518521,63.57997659225876,9999
742,6,6,JUG,SOY,-24.228415810156772,8.068075685805901,63.44158720267095,9999
743,6,6,JUG,SOY,-24.570141762959622,7.525279044093281,63.303197813083145,9999
744,6,6,JUG,SOY,-24.911867715762472,6.982482402380661,63.16480842349534,9999
745,6,6,JUG,SOY,-25.253593668565323,6.439685760668041,63.02641903390753,9999
746,6,6,JUG,SOY,-25.595319621368173,5.896889118955421,62.88802964431972,9999
747,7,6,AHI,JUG,38.374607876740875,34.53991731154491,64.7836394474097,9999
748,7,6,AHI,JUG,37.72738516348175,34.624784643089825,64.85039826481939,9999
749,7,6,AHI,JUG,37.08016245022262,34.70965197463474,64.91715708222908,9999
750,7,6,AHI,JUG,36.4329397369635,34.79451930617965,64.98391589963877,9999
751,7,6,AHI,JUG,35.78571702370437,34.879386637724565,65.05067471704847,9999
752,7,6,AHI,JUG,35.138494310445246,34.96425396926948,65.11743353445816,9999
753,7,6,AHI,JUG,34.49127159718612,35.04912130081439,65.18419235186785,9999
754,7,6,AHI,JUG,33.844048883926995,35.133988632359305,65.25095116927754,9999
755,7,6,AHI,JUG,33.19682617066787,35.21885596390422,65.31770998668723,9999
756,7,6,AHI,JUG,32.54960345740874,35.30372329544913,65.38446880409693,9999
757,7,6,AHI,JUG,31.902380744149617,35.388590626994045,65.45122762150662,9999
758,7,6,AHI,JUG,31.25515803089049,35.47345795853896,65.51798643891631,9999
759,7,6,AHI,JUG,30.607935317631366,35.55832529008387,65.584745256326,9999
760,7,6,AHI,JUG,29.96071260437224,35.643192621628785,65.6515040737357,9999
761,7,6,AHI,JUG,29.313489891113115,35.7280599531737,65.71826289114539,9999
762,7,6,AHI,JUG,28.66626717785399,35.81292728471861,65.78502170855508,9999
763,7,6,AHI,JUG,28.019044464594863,35.897794616263525,65.85178052596477,9999
764,7,6,AHI,JUG,27.371821751335737,35.98266194780844,65.91853934337446,9999
765,7,6,AHI,JUG,26.72459903807661,36.06752927935335,65.98529816078415,9999
766,7,6,AHI,JUG,26.077376324817486,36.152396610898265,66.05205697819385,9999
767,7,6,AHI,JUG,25.43015361155836,36.23726394244318,66.11881579560354,9999
768,7,6,AHI,JUG,24.782930898299234,36.32213127398809,66.18557461301323,9999
769,7,6,AHI,JUG,24.13570818504011,36.406998605533005,66.25233343042292,9999
770,7,6,AHI,JUG,23.488485471780983,36.49186593707792,66.31909224783261,9999
771,7,6,AHI,JUG,22.841262758521857,36.57673326862283,66.3858510652423,9999
772,7,6,AHI,JUG,22.19404004526273,36.661600600167745,66.452609882652,9999
773,7,6,AHI,JUG,21.546817332003606,36.74646793171266,66.51936870006169,9999
774,7,6,AHI,JUG,20.89959461874448,36.83133526325757,66.58612751747138,9999
775,7,6,AHI,JUG,20.252371905485354,36.916202594802485,66.65288633488107,9999
776,7,6,AHI,JUG,19.60514919222623,37.0010699263474,66.71964515229077,9999
777,7,6,AHI,JUG,18.957926478967103,37.08593725789231,66.78640396970046,9999
778,7,6,AHI,JUG,18.310703765707977,37.170804589437225,66.85316278711015,9999
779,7,6,AHI,JUG,17.66348105244885,37.25567192098214,66.91992160451984,9999
780,7,6,AHI,JUG,17.016258339189726,37.34053925252705,66.98668042192953,9999
781,7,6,AHI,JUG,16.3690356259306,37.425406584071965,67.05343923933923,9999
782,7,6,AHI,JUG,15.721812912671474,37.51027391561688,67.12019805674892,9999
783,7,6,AHI,JUG,15.074590199412349,37.59514124716179,67.18695687415861,9999
784,7,6,AHI,JUG,14.427367486153223,37.680008578706705,67.2537156915683,9999
785,7,6,AHI,JUG,13.780144772894097,37.76487591025162,67.320474508978,9999
786,7,6,AHI,JUG,13.132922059634971,37.84974324179653,67.38723332638769,9999
787,7,6,AHI,JUG,12.485699346375846,37.934610573341445,67.45399214379738,9999
788,7,6,AHI,JUG,11.83847663311672,38.01947790488636,67.52075096120707,9999
789,7,6,AHI,JUG,11.191253919857594,38.10434523643127,67.58750977861676,9999
790,7,6,AHI,JUG,10.544031206598468,38.189212567976185,67.65426859602645,9999
791,7,6,AHI,JUG,9.896808493339343,38.2740798995211,67.72102741343615,9999
792,7,6,AHI,JUG,9.249585780080217,38.35894723106601,67.78778623084584,9999
793,7,6,AHI,JUG,8.602363066821091,38.443814562610925,67.85454504825553,9999
794,7,6,AHI,JUG,7.955140353561966,38.52868189415584,67.92130386566522,9999
795,7,6,AHI,JUG,7.30791764030284,38.61354922570075,67.98806268307492,9999
796,7,6,AHI,JUG,6.660694927043714,38.698416557245665,68.0548215004846,9999
797,7,6,AHI,JUG,6.013472213784588,38.78328388879058,68.1215803178943,9999
798,7,6,AHI,JUG,5.366249500525463,38.86815122033549,68.18833913530399,9999
799,7,6,AHI,JUG,4.719026787266337,38.953018551880405,68.25509795271368,9999
800,7,6,AHI,JUG,4.071804074007211,39.03788588342532,68.32185677012338,9999
801,7,6,AHI,JUG,3.4245813607480855,39.12275321497023,68.38861558753307,9999
802,7,6,AHI,JUG,2.7773586474889598,39.207620546515145,68.45537440494276,9999
803,7,6,AHI,JUG,2.130135934229834,39.29248787806006,68.52213322235245,9999
804,7,6,AHI,JUG,1.4829132209707085,39.37735520960497,68.58889203976214,9999
805,7,6,AHI,JUG,0.835690507711583,39.462222541149885,68.65565085717184,9999
806,7,6,AHI,JUG,0.18846779445245754,39.5470898726948,68.72240967458153,9999
807,7,6,AHI,JUG,-0.45875491880666797,39.63195720423971,68.78916849199122,9999
808,7,6,AHI,JUG,-1.1059776320657935,39.716824535784625,68.85592730940091,9999
809,7,6,AHI,JUG,-1.753200345324919,39.80169186732954,68.9226861268106,9999
810,7,6,AHI,JUG,-2.4004230585840443,39.88655919887445,68.9894449442203,9999
811,7,6,AHI,JUG,-3.04764577184317,39.971426530419365,69.05620376162999,9999
