Pixel_i,Module1,Module2,Node1,Node2,X,Y,Z
0,14,14,LAW,LIE,20.972217958071912,-67.17599607168941,52.781278431615576
1,14,14,LAW,LIE,20.81080691531792,-66.5704632665247,52.97578535018257
2,14,14,LAW,LIE,20.649395872563925,-65.96493046135998,53.17029226874956
3,14,14,LAW,LIE,20.487984829809932,-65.35939765619527,53.36479918731656
4,14,14,LAW,LIE,20.32657378705594,-64.75386485103056,53.55930610588355
5,14,14,LAW,LIE,20.165162744301945,-64.14833204586584,53.753813024450544
6,14,14,LAW,LIE,20.00375170154795,-63.542799240701136,53.94831994301754
7,14,14,LAW,LIE,19.842340658793958,-62.93726643553643,54.14282686158453
8,14,14,LAW,LIE,19.680929616039965,-62.33173363037172,54.337333780151525
9,14,14,LAW,LIE,19.51951857328597,-61.726200825207016,54.53184069871852
10,14,14,LAW,LIE,19.358107530531978,-61.12066802004231,54.72634761728551
11,14,14,LAW,LIE,19.196696487777984,-60.5151352148776,54.920854535852506
12,14,14,LAW,LIE,19.03528544502399,-59.909602409712896,55.1153614544195
13,14,14,LAW,LIE,18.873874402269998,-59.30406960454819,55.30986837298649
14,14,14,LAW,LIE,18.712463359516004,-58.69853679938348,55.50437529155349
15,14,14,LAW,LIE,18.55105231676201,-58.093003994218776,55.69888221012048
16,14,14,LAW,LIE,18.389641274008017,-57.48747118905407,55.893389128687474
17,14,14,LAW,LIE,18.228230231254024,-56.88193838388936,56.08789604725447
18,14,14,LAW,LIE,18.06681918850003,-56.276405578724656,56.28240296582146
19,14,14,LAW,LIE,17.905408145746037,-55.67087277355995,56.476909884388455
20,14,14,LAW,LIE,17.743997102992044,-55.06533996839524,56.67141680295545
21,14,14,LAW,LIE,17.58258606023805,-54.459807163230536,56.86592372152244
22,14,14,LAW,LIE,17.421175017484057,-53.85427435806583,57.060430640089436
23,14,14,LAW,LIE,17.259763974730063,-53.24874155290112,57.25493755865643
24,14,14,LAW,LIE,17.09835293197607,-52.643208747736416,57.44944447722342
25,14,14,LAW,LIE,16.936941889222076,-52.03767594257171,57.64395139579042
26,14,14,LAW,LIE,16.775530846468083,-51.432143137407,57.83845831435741
27,14,14,LAW,LIE,16.61411980371409,-50.826610332242296,58.032965232924404
28,14,14,LAW,LIE,16.452708760960096,-50.22107752707759,58.2274721514914
29,14,14,LAW,LIE,16.291297718206103,-49.61554472191288,58.42197907005839
30,14,14,LAW,LIE,16.12988667545211,-49.01001191674818,58.616485988625385
31,14,14,LAW,LIE,15.968475632698118,-48.40447911158347,58.81099290719238
32,14,14,LAW,LIE,15.807064589944126,-47.79894630641876,59.00549982575937
33,14,14,LAW,LIE,15.645653547190134,-47.19341350125406,59.200006744326366
34,14,14,LAW,LIE,15.484242504436143,-46.58788069608935,59.39451366289336
35,14,14,LAW,LIE,15.322831461682151,-45.98234789092464,59.58902058146035
36,14,14,LAW,LIE,15.16142041892816,-45.37681508575994,59.78352750002735
37,14,14,LAW,LIE,15.000009376174168,-44.77128228059523,59.97803441859434
38,14,14,LAW,LIE,14.838598333420176,-44.16574947543052,60.172541337161334
39,14,14,LAW,LIE,14.677187290666184,-43.56021667026582,60.36704825572833
40,14,14,LAW,LIE,14.515776247912193,-42.95468386510111,60.56155517429532
41,14,14,LAW,LIE,14.354365205158201,-42.3491510599364,60.756062092862315
42,14,14,LAW,LIE,14.19295416240421,-41.7436182547717,60.95056901142931
43,14,14,LAW,LIE,14.031543119650218,-41.13808544960699,61.1450759299963
44,14,14,LAW,LIE,13.870132076896226,-40.53255264444228,61.339582848563296
45,14,14,LAW,LIE,13.708721034142235,-39.92701983927758,61.53408976713029
46,14,14,LAW,LIE,13.547309991388243,-39.32148703411287,61.72859668569728
47,14,14,LAW,LIE,13.385898948634251,-38.71595422894816,61.92310360426428
48,14,14,LAW,LIE,13.22448790588026,-38.11042142378346,62.11761052283127
49,14,14,LAW,LIE,13.063076863126268,-37.50488861861875,62.312117441398264
50,14,14,LAW,LIE,12.901665820372276,-36.899355813454044,62.50662435996526
51,14,14,LAW,LIE,12.740254777618285,-36.29382300828934,62.70113127853225
52,14,14,LAW,LIE,12.578843734864293,-35.68829020312463,62.895638197099245
53,14,14,LAW,LIE,12.417432692110301,-35.082757397959924,63.09014511566624
54,14,14,LAW,LIE,12.25602164935631,-34.47722459279522,63.28465203423323
55,14,14,LAW,LIE,12.094610606602318,-33.87169178763051,63.479158952800226
56,14,14,LAW,LIE,11.933199563848326,-33.266158982465804,63.67366587136722
57,14,14,LAW,LIE,11.771788521094335,-32.6606261773011,63.86817278993421
58,14,14,LAW,LIE,11.610377478340343,-32.05509337213639,64.06267970850121
59,14,14,LAW,LIE,11.448966435586351,-31.44956056697168,64.2571866270682
60,14,14,LAW,LIE,11.28755539283236,-30.84402776180697,64.45169354563518
61,14,14,LAW,LIE,11.126144350078368,-30.23849495664226,64.64620046420217
62,14,14,LAW,LIE,10.964733307324376,-29.63296215147755,64.84070738276915
63,14,14,LAW,LIE,10.803322264570385,-29.02742934631284,65.03521430133614
64,14,14,LAW,LIE,10.641911221816393,-28.42189654114813,65.22972121990313
65,14,14,LAW,OLD,9.769054556229502,-28.26414719036378,65.99013426686692
66,14,14,LAW,OLD,9.569500729296756,-28.878937748253954,66.10312667506138
67,14,14,LAW,OLD,9.36994690236401,-29.493728306144128,66.21611908325583
68,14,14,LAW,OLD,9.170393075431264,-30.108518864034302,66.32911149145029
69,14,14,LAW,OLD,8.970839248498518,-30.723309421924476,66.44210389964475
70,14,14,LAW,OLD,8.771285421565771,-31.33809997981465,66.55509630783921
71,14,14,LAW,OLD,8.571731594633025,-31.952890537704825,66.66808871603367
72,14,14,LAW,OLD,8.372177767700279,-32.567681095595,66.78108112422812
73,14,14,LAW,OLD,8.172623940767533,-33.18247165348517,66.89407353242258
74,14,14,LAW,OLD,7.973070113834787,-33.79726221137535,67.00706594061704
75,14,14,LAW,OLD,7.773516286902041,-34.41205276926552,67.1200583488115
76,14,14,LAW,OLD,7.5739624599692945,-35.026843327155696,67.23305075700596
77,14,14,LAW,OLD,7.374408633036548,-35.64163388504587,67.34604316520041
78,14,14,LAW,OLD,7.174854806103802,-36.256424442936044,67.45903557339487
79,14,14,LAW,OLD,6.975300979171056,-36.87121500082622,67.57202798158933
80,14,14,LAW,OLD,6.77574715223831,-37.48600555871639,67.68502038978379
81,14,14,LAW,OLD,6.576193325305564,-38.10079611660657,67.79801279797825
82,14,14,LAW,OLD,6.376639498372818,-38.71558667449674,67.9110052061727
83,14,14,LAW,OLD,6.1770856714400715,-39.330377232386915,68.02399761436716
84,14,14,LAW,OLD,5.977531844507325,-39.94516779027709,68.13699002256162
85,14,14,LAW,OLD,5.777978017574579,-40.559958348167264,68.24998243075608
86,14,14,LAW,OLD,5.578424190641833,-41.17474890605744,68.36297483895054
87,14,14,LAW,OLD,5.378870363709087,-41.78953946394761,68.475967247145
88,14,14,LAW,OLD,5.179316536776341,-42.40433002183779,68.58895965533945
89,14,14,LAW,OLD,4.979762709843595,-43.01912057972796,68.70195206353391
90,14,14,LAW,OLD,4.7802088829108484,-43.633911137618135,68.81494447172837
91,14,14,LAW,OLD,4.580655055978102,-44.24870169550831,68.92793687992283
92,14,14,LAW,OLD,4.381101229045356,-44.86349225339848,69.04092928811728
93,14,14,LAW,OLD,4.18154740211261,-45.47828281128866,69.15392169631174
94,14,14,LAW,OLD,3.981993575179864,-46.09307336917883,69.2669141045062
95,14,14,LAW,OLD,3.7824397482471177,-46.707863927069006,69.37990651270066
96,14,14,LAW,OLD,3.5828859213143716,-47.32265448495918,69.49289892089512
97,14,14,LAW,OLD,3.3833320943816254,-47.937445042849355,69.60589132908957
98,14,14,LAW,OLD,3.1837782674488793,-48.55223560073953,69.71888373728403
99,14,14,LAW,OLD,2.984224440516133,-49.1670261586297,69.83187614547849
100,14,14,LAW,OLD,2.784670613583387,-49.78181671651988,69.94486855367295
101,14,14,LAW,OLD,2.585116786650641,-50.39660727441005,70.0578609618674
102,14,14,LAW,OLD,2.3855629597178947,-51.011397832300226,70.17085337006186
103,14,14,LAW,OLD,2.1860091327851485,-51.6261883901904,70.28384577825632
104,14,14,LAW,OLD,1.9864553058524024,-52.240978948080574,70.39683818645078
105,14,14,LAW,OLD,1.7869014789196562,-52.85576950597075,70.50983059464524
106,14,14,LAW,OLD,1.58734765198691,-53.47056006386092,70.6228230028397
107,14,14,LAW,OLD,1.387793825054164,-54.0853506217511,70.73581541103415
108,14,14,LAW,OLD,1.1882399981214178,-54.70014117964127,70.84880781922861
109,14,14,LAW,OLD,0.9886861711886716,-55.314931737531445,70.96180022742307
110,14,14,LAW,OLD,0.7891323442559255,-55.92972229542162,71.07479263561753
111,14,14,LAW,OLD,0.5895785173231793,-56.544512853311794,71.18778504381199
112,14,14,LAW,OLD,0.39002469039043325,-57.15930341120197,71.30077745200644
113,14,14,LAW,OLD,0.19047086345768716,-57.77409396909214,71.4137698602009
114,14,14,LAW,OLD,-0.009082963475058936,-58.38888452698232,71.52676226839536
115,14,14,LAW,OLD,-0.20863679040780503,-59.00367508487249,71.63975467658982
116,14,14,FOG,OLD,-1.2477745351389131,-59.44859992017275,72.24036842542374
117,14,14,FOG,OLD,-1.4387601620461279,-58.83118515858378,72.35385827832214
118,14,14,FOG,OLD,-1.6297457889533429,-58.21377039699481,72.46734813122053
119,14,14,FOG,OLD,-1.8207314158605579,-57.59635563540584,72.58083798411893
120,14,14,FOG,OLD,-2.011717042767773,-56.978940873816875,72.69432783701733
121,14,14,FOG,OLD,-2.202702669674988,-56.36152611222791,72.80781768991572
122,14,14,FOG,OLD,-2.393688296582203,-55.74411135063894,72.92130754281412
123,14,14,FOG,OLD,-2.584673923489418,-55.12669658904997,73.03479739571252
124,14,14,FOG,OLD,-2.775659550396633,-54.509281827461,73.14828724861091
125,14,14,FOG,OLD,-2.966645177303848,-53.891867065872034,73.26177710150931
126,14,14,FOG,OLD,-3.157630804211063,-53.274452304283066,73.3752669544077
127,14,14,FOG,OLD,-3.348616431118278,-52.6570375426941,73.4887568073061
128,14,14,FOG,OLD,-3.5396020580254928,-52.03962278110513,73.6022466602045
129,14,14,FOG,OLD,-3.7305876849327078,-51.42220801951616,73.7157365131029
130,14,14,FOG,OLD,-3.9215733118399227,-50.804793257927194,73.8292263660013
131,14,14,FOG,OLD,-4.112558938747138,-50.187378496338226,73.94271621889969
132,14,14,FOG,OLD,-4.303544565654352,-49.56996373474926,74.05620607179809
133,14,14,FOG,OLD,-4.494530192561567,-48.95254897316029,74.16969592469648
134,14,14,FOG,OLD,-4.685515819468781,-48.33513421157132,74.28318577759488
135,14,14,FOG,OLD,-4.876501446375996,-47.717719449982354,74.39667563049328
136,14,14,FOG,OLD,-5.0674870732832105,-47.100304688393386,74.51016548339167
137,14,14,FOG,OLD,-5.258472700190425,-46.48288992680442,74.62365533629007
138,14,14,FOG,OLD,-5.4494583270976396,-45.86547516521545,74.73714518918847
139,14,14,FOG,OLD,-5.640443954004854,-45.24806040362648,74.85063504208686
140,14,14,FOG,OLD,-5.831429580912069,-44.630645642037514,74.96412489498526
141,14,14,FOG,OLD,-6.022415207819283,-44.013230880448546,75.07761474788366
142,14,14,FOG,OLD,-6.213400834726498,-43.39581611885958,75.19110460078205
143,14,14,FOG,OLD,-6.404386461633712,-42.77840135727061,75.30459445368045
144,14,14,FOG,OLD,-6.595372088540927,-42.16098659568164,75.41808430657885
145,14,14,FOG,OLD,-6.786357715448141,-41.543571834092674,75.53157415947724
146,14,14,FOG,OLD,-6.977343342355356,-40.926157072503706,75.64506401237564
147,14,14,FOG,OLD,-7.1683289692625705,-40.30874231091474,75.75855386527404
148,14,14,FOG,OLD,-7.359314596169785,-39.69132754932577,75.87204371817243
149,14,14,FOG,OLD,-7.5503002230769996,-39.0739127877368,75.98553357107083
150,14,14,FOG,OLD,-7.741285849984214,-38.456498026147834,76.09902342396923
151,14,14,FOG,OLD,-7.932271476891429,-37.839083264558866,76.21251327686763
152,14,14,FOG,OLD,-8.123257103798643,-37.2216685029699,76.32600312976602
153,14,14,FOG,OLD,-8.314242730705859,-36.60425374138093,76.43949298266442
154,14,14,FOG,OLD,-8.505228357613074,-35.98683897979196,76.55298283556282
155,14,14,FOG,OLD,-8.69621398452029,-35.369424218202994,76.66647268846121
156,14,14,FOG,OLD,-8.887199611427505,-34.752009456614026,76.77996254135961
157,14,14,FOG,OLD,-9.07818523833472,-34.13459469502506,76.893452394258
158,14,14,FOG,OLD,-9.269170865241936,-33.51717993343609,77.0069422471564
159,14,14,FOG,OLD,-9.460156492149151,-32.89976517184712,77.1204321000548
160,14,14,FOG,OLD,-9.651142119056367,-32.282350410258154,77.2339219529532
161,14,14,FOG,OLD,-9.842127745963582,-31.66493564866919,77.34741180585159
162,14,14,FOG,OLD,-10.033113372870798,-31.047520887080225,77.46090165874999
163,14,14,FOG,OLD,-10.224098999778013,-30.43010612549126,77.57439151164839
164,14,14,FOG,OLD,-10.415084626685228,-29.812691363902296,77.68788136454678
165,14,14,FOG,OLD,-10.606070253592444,-29.19527660231333,77.80137121744518
166,14,14,FOG,OLD,-10.79705588049966,-28.577861840724367,77.91486107034358
167,14,14,FOG,OLD,-10.988041507406875,-27.960447079135403,78.02835092324197
168,14,14,FOG,OLD,-11.17902713431409,-27.343032317546438,78.14184077614037
169,14,14,FOG,OLD,-11.370012761221306,-26.725617555957474,78.25533062903877
170,14,14,FOG,OLD,-11.560998388128521,-26.10820279436851,78.36882048193716
171,14,14,FOG,TAU,-12.410101262822423,-26.039530677630214,77.68938543495882
172,14,14,FOG,TAU,-12.623242500098945,-26.521223019216816,77.29810580955898
173,14,14,FOG,TAU,-12.836383737375467,-27.002915360803417,76.90682618415913
174,14,14,FOG,TAU,-13.04952497465199,-27.48460770239002,76.51554655875928
175,14,14,FOG,TAU,-13.262666211928511,-27.96630004397662,76.12426693335944
176,14,14,FOG,TAU,-13.475807449205034,-28.44799238556322,75.73298730795959
177,14,14,FOG,TAU,-13.688948686481556,-28.929684727149823,75.34170768255974
178,14,14,FOG,TAU,-13.902089923758078,-29.411377068736424,74.9504280571599
179,14,14,FOG,TAU,-14.1152311610346,-29.893069410323026,74.55914843176005
180,14,14,FOG,TAU,-14.328372398311123,-30.374761751909627,74.1678688063602
181,14,14,FOG,TAU,-14.541513635587645,-30.85645409349623,73.77658918096036
182,14,14,FOG,TAU,-14.754654872864167,-31.33814643508283,73.38530955556051
183,14,14,FOG,TAU,-14.96779611014069,-31.81983877666943,72.99402993016066
184,14,14,FOG,TAU,-15.180937347417212,-32.30153111825604,72.60275030476082
185,14,14,FOG,TAU,-15.394078584693734,-32.78322345984264,72.21147067936097
186,14,14,FOG,TAU,-15.607219821970256,-33.26491580142924,71.82019105396112
187,14,14,FOG,TAU,-15.820361059246778,-33.74660814301584,71.42891142856128
188,14,14,FOG,TAU,-16.0335022965233,-34.22830048460244,71.03763180316143
189,14,14,FOG,TAU,-16.24664353379982,-34.709992826189044,70.64635217776159
190,14,14,FOG,TAU,-16.45978477107634,-35.191685167775645,70.25507255236174
191,14,14,FOG,TAU,-16.67292600835286,-35.67337750936225,69.86379292696189
192,14,14,FOG,TAU,-16.88606724562938,-36.15506985094885,69.47251330156205
193,14,14,FOG,TAU,-17.0992084829059,-36.63676219253545,69.0812336761622
194,14,14,FOG,TAU,-17.31234972018242,-37.11845453412205,68.68995405076235
195,14,14,FOG,TAU,-17.525490957458942,-37.60014687570865,68.2986744253625
196,14,14,FOG,TAU,-17.738632194735462,-38.081839217295254,67.90739479996266
197,14,14,FOG,TAU,-17.951773432011983,-38.563531558881856,67.51611517456281
198,14,14,FOG,TAU,-18.164914669288503,-39.04522390046846,67.12483554916297
199,14,14,FOG,TAU,-18.378055906565024,-39.52691624205506,66.73355592376312
200,14,14,FOG,TAU,-18.591197143841544,-40.00860858364166,66.34227629836327
201,14,14,FOG,TAU,-18.804338381118065,-40.49030092522826,65.95099667296343
202,14,14,FOG,TAU,-19.017479618394585,-40.97199326681486,65.55971704756358
203,14,14,FOG,TAU,-19.230620855671106,-41.453685608401464,65.16843742216373
204,14,14,FOG,TAU,-19.443762092947626,-41.935377949988066,64.77715779676389
205,14,14,FOG,TAU,-19.656903330224146,-42.41707029157467,64.38587817136404
206,14,14,FOG,TAU,-19.870044567500667,-42.89876263316127,63.99459854596419
207,14,14,FOG,TAU,-20.083185804777187,-43.38045497474787,63.603318920564334
208,14,14,FOG,TAU,-20.296327042053708,-43.86214731633447,63.21203929516448
209,14,14,FOG,TAU,-20.50946827933023,-44.34383965792107,62.82075966976463
210,14,14,FOG,TAU,-20.72260951660675,-44.825531999507675,62.42948004436477
211,14,14,FOG,TAU,-20.93575075388327,-45.307224341094276,62.03820041896492
212,14,14,OLD,TAU,-20.17817726094282,-46.93949582819256,61.94937953664701
213,14,14,OLD,TAU,-19.687038509855785,-47.292514128287294,62.20377539196485
214,14,14,OLD,TAU,-19.19589975876875,-47.645532428382026,62.458171247282685
215,14,14,OLD,TAU,-18.704761007681714,-47.99855072847676,62.712567102600524
216,14,14,OLD,TAU,-18.21362225659468,-48.35156902857149,62.96696295791836
217,14,14,OLD,TAU,-17.722483505507643,-48.70458732866622,63.2213588132362
218,14,14,OLD,TAU,-17.231344754420608,-49.05760562876095,63.47575466855404
219,14,14,OLD,TAU,-16.740206003333572,-49.410623928855685,63.73015052387188
220,14,14,OLD,TAU,-16.249067252246537,-49.76364222895042,63.984546379189716
221,14,14,OLD,TAU,-15.757928501159503,-50.11666052904515,64.23894223450755
222,14,14,OLD,TAU,-15.26678975007247,-50.46967882913988,64.49333808982539
223,14,14,OLD,TAU,-14.775650998985435,-50.82269712923461,64.74773394514322
224,14,14,OLD,TAU,-14.284512247898402,-51.175715429329344,65.00212980046106
225,14,14,OLD,TAU,-13.793373496811368,-51.528733729424076,65.2565256557789
226,14,14,OLD,TAU,-13.302234745724334,-51.88175202951881,65.51092151109674
227,14,14,OLD,TAU,-12.8110959946373,-52.23477032961354,65.76531736641458
228,14,14,OLD,TAU,-12.319957243550267,-52.58778862970827,66.01971322173242
229,14,14,OLD,TAU,-11.828818492463233,-52.940806929803,66.27410907705026
230,14,14,OLD,TAU,-11.3376797413762,-53.293825229897735,66.5285049323681
231,14,14,OLD,TAU,-10.846540990289165,-53.646843529992466,66.78290078768593
232,14,14,OLD,TAU,-10.355402239202132,-53.9998618300872,67.03729664300377
233,14,14,OLD,TAU,-9.864263488115098,-54.35288013018193,67.29169249832161
234,14,14,OLD,TAU,-9.373124737028064,-54.70589843027666,67.54608835363945
235,14,14,OLD,TAU,-8.88198598594103,-55.058916730371394,67.80048420895729
236,14,14,OLD,TAU,-8.390847234853997,-55.411935030466125,68.05488006427512
237,14,14,OLD,TAU,-7.899708483766962,-55.76495333056086,68.30927591959296
238,14,14,OLD,TAU,-7.408569732679927,-56.11797163065559,68.5636717749108
239,14,14,OLD,TAU,-6.917430981592893,-56.47098993075032,68.81806763022864
240,14,14,OLD,TAU,-6.426292230505858,-56.82400823084505,69.07246348554648
241,14,14,OLD,TAU,-5.935153479418823,-57.177026530939784,69.32685934086432
242,14,14,OLD,TAU,-5.444014728331789,-57.530044831034516,69.58125519618216
243,14,14,OLD,TAU,-4.952875977244754,-57.88306313112925,69.8356510515
244,14,14,OLD,TAU,-4.4617372261577195,-58.23608143122398,70.09004690681783
245,14,14,OLD,TAU,-3.970598475070685,-58.58909973131871,70.34444276213567
246,14,14,OLD,TAU,-3.47945972398365,-58.94211803141344,70.59883861745351
247,14,14,OLD,TAU,-2.9883209728966156,-59.295136331508175,70.85323447277135
248,14,14,OLD,TAU,-2.497182221809581,-59.64815463160291,71.10763032808919
249,14,14,OLD,TAU,-2.0060434707225463,-60.00117293169764,71.36202618340702
250,14,14,LIE,OLD,0.2749749916742099,-61.23756116964816,71.01774871094695
251,14,14,LIE,OLD,0.7501090391069372,-61.40271915815638,70.59640927530614
252,14,14,LIE,OLD,1.2252430865396644,-61.5678771466646,70.17506983966534
253,14,14,LIE,OLD,1.7003771339723917,-61.73303513517282,69.75373040402454
254,14,14,LIE,OLD,2.1755111814051187,-61.89819312368104,69.33239096838373
255,14,14,LIE,OLD,2.650645228837846,-62.06335111218926,68.91105153274293
256,14,14,LIE,OLD,3.125779276270573,-62.22850910069748,68.48971209710213
257,14,14,LIE,OLD,3.6009133237033004,-62.3936670892057,68.06837266146132
258,14,14,LIE,OLD,4.076047371136028,-62.55882507771392,67.64703322582052
259,14,14,LIE,OLD,4.5511814185687545,-62.72398306622214,67.22569379017972
260,14,14,LIE,OLD,5.026315466001481,-62.88914105473036,66.80435435453892
261,14,14,LIE,OLD,5.501449513434208,-63.05429904323858,66.38301491889811
262,14,14,LIE,OLD,5.976583560866935,-63.2194570317468,65.96167548325731
263,14,14,LIE,OLD,6.451717608299662,-63.38461502025502,65.5403360476165
264,14,14,LIE,OLD,6.9268516557323885,-63.54977300876324,65.1189966119757
265,14,14,LIE,OLD,7.401985703165115,-63.71493099727146,64.6976571763349
266,14,14,LIE,OLD,7.877119750597842,-63.88008898577968,64.2763177406941
267,14,14,LIE,OLD,8.352253798030569,-64.0452469742879,63.854978305053294
268,14,14,LIE,OLD,8.827387845463296,-64.21040496279613,63.43363886941249
269,14,14,LIE,OLD,9.302521892896022,-64.37556295130436,63.01229943377169
270,14,14,LIE,OLD,9.77765594032875,-64.54072093981259,62.590959998130884
271,14,14,LIE,OLD,10.252789987761476,-64.70587892832081,62.16962056249008
272,14,14,LIE,OLD,10.727924035194203,-64.87103691682904,61.74828112684928
273,14,14,LIE,OLD,11.20305808262693,-65.03619490533727,61.326941691208475
274,14,14,LIE,OLD,11.678192130059657,-65.2013528938455,60.90560225556767
275,14,14,LIE,OLD,12.153326177492383,-65.36651088235372,60.48426281992687
276,14,14,LIE,OLD,12.62846022492511,-65.53166887086195,60.062923384286066
277,14,14,LIE,OLD,13.103594272357837,-65.69682685937018,59.64158394864526
278,14,14,LIE,OLD,13.578728319790564,-65.8619848478784,59.22024451300446
279,14,14,LIE,OLD,14.05386236722329,-66.02714283638663,58.798905077363656
280,14,14,LIE,OLD,14.528996414656017,-66.19230082489486,58.37756564172285
281,14,14,LIE,OLD,15.004130462088744,-66.35745881340308,57.95622620608205
282,14,14,LIE,OLD,15.479264509521471,-66.52261680191131,57.53488677044125
283,14,14,LIE,OLD,15.954398556954198,-66.68777479041954,57.113547334800444
284,14,14,LIE,OLD,16.429532604386925,-66.85293277892777,56.69220789915964
285,14,14,LIE,OLD,16.904666651819653,-67.018090767436,56.27086846351884
286,14,14,LIE,OLD,17.37980069925238,-67.18324875594422,55.849529027878035
287,14,14,LIE,OLD,17.85493474668511,-67.34840674445245,55.42818959223723
288,14,14,LIE,OLD,18.33006879411784,-67.51356473296067,55.00685015659643
289,14,14,LIE,OLD,18.805202841550567,-67.6787227214689,54.585510720955625
290,14,14,LIE,OLD,19.280336888983296,-67.84388070997713,54.16417128531482
291,14,14,LIE,OLD,19.755470936416025,-68.00903869848536,53.74283184967402
292,14,14,LIE,OLD,20.230604983848753,-68.17419668699358,53.321492414033216
293,14,14,LIE,OLD,20.70573903128148,-68.33935467550181,52.90015297839241
294,14,14,LIE,TAU,20.03635327865578,-67.87395423854939,52.61299047591622
295,14,14,LIE,TAU,19.465552599259706,-67.57373997633947,52.733880613606324
296,14,14,LIE,TAU,18.89475191986363,-67.27352571412955,52.85477075129643
297,14,14,LIE,TAU,18.323951240467554,-66.97331145191963,52.97566088898653
298,14,14,LIE,TAU,17.75315056107148,-66.67309718970971,53.096551026676636
299,14,14,LIE,TAU,17.182349881675403,-66.37288292749979,53.21744116436674
300,14,14,LIE,TAU,16.611549202279328,-66.07266866528987,53.338331302056844
301,14,14,LIE,TAU,16.040748522883252,-65.77245440307995,53.45922143974695
302,14,14,LIE,TAU,15.469947843487176,-65.47224014087003,53.58011157743705
303,14,14,LIE,TAU,14.8991471640911,-65.17202587866011,53.701001715127155
304,14,14,LIE,TAU,14.328346484695025,-64.87181161645019,53.82189185281726
305,14,14,LIE,TAU,13.75754580529895,-64.57159735424027,53.94278199050736
306,14,14,LIE,TAU,13.186745125902874,-64.27138309203035,54.06367212819747
307,14,14,LIE,TAU,12.615944446506798,-63.97116882982043,54.18456226588757
308,14,14,LIE,TAU,12.045143767110723,-63.67095456761051,54.305452403577675
309,14,14,LIE,TAU,11.474343087714647,-63.37074030540059,54.42634254126778
310,14,14,LIE,TAU,10.903542408318572,-63.07052604319067,54.54723267895788
311,14,14,LIE,TAU,10.332741728922496,-62.77031178098075,54.66812281664799
312,14,14,LIE,TAU,9.76194104952642,-62.47009751877083,54.78901295433809
313,14,14,LIE,TAU,9.191140370130345,-62.16988325656091,54.909903092028195
314,14,14,LIE,TAU,8.62033969073427,-61.86966899435099,55.0307932297183
315,14,14,LIE,TAU,8.049539011338194,-61.56945473214107,55.1516833674084
316,14,14,LIE,TAU,7.478738331942119,-61.26924046993115,55.27257350509851
317,14,14,LIE,TAU,6.907937652546044,-60.96902620772123,55.39346364278861
318,14,14,LIE,TAU,6.33713697314997,-60.66881194551131,55.514353780478714
319,14,14,LIE,TAU,5.766336293753895,-60.36859768330139,55.63524391816882
320,14,14,LIE,TAU,5.19553561435782,-60.06838342109147,55.75613405585892
321,14,14,LIE,TAU,4.6247349349617455,-59.76816915888155,55.877024193549026
322,14,14,LIE,TAU,4.053934255565671,-59.46795489667163,55.99791433123913
323,14,14,LIE,TAU,3.483133576169596,-59.16774063446171,56.118804468929234
324,14,14,LIE,TAU,2.9123328967735214,-58.86752637225179,56.23969460661934
325,14,14,LIE,TAU,2.3415322173774467,-58.56731211004187,56.36058474430944
326,14,14,LIE,TAU,1.7707315379813717,-58.26709784783195,56.481474881999546
327,14,14,LIE,TAU,1.1999308585852968,-57.96688358562203,56.60236501968965
328,14,14,LIE,TAU,0.6291301791892219,-57.66666932341211,56.723255157379754
329,14,14,LIE,TAU,0.058329499793146944,-57.36645506120219,56.84414529506986
330,14,14,LIE,TAU,-0.512471179602928,-57.06624079899227,56.96503543275996
331,14,14,LIE,TAU,-1.083271858999003,-56.76602653678235,57.085925570450065
332,14,14,LIE,TAU,-1.6540725383950778,-56.46581227457243,57.20681570814017
333,14,14,LIE,TAU,-2.2248732177911528,-56.16559801236251,57.32770584583027
334,14,14,LIE,TAU,-2.7956738971872275,-55.86538375015259,57.44859598352038
335,14,14,LIE,TAU,-3.366474576583302,-55.56516948794267,57.56948612121048
336,14,14,LIE,TAU,-3.937275255979377,-55.26495522573275,57.690376258900585
337,14,14,LIE,TAU,-4.508075935375452,-54.96474096352283,57.81126639659069
338,14,14,LIE,TAU,-5.078876614771526,-54.66452670131291,57.93215653428079
339,14,14,LIE,TAU,-5.649677294167601,-54.36431243910299,58.0530466719709
340,14,14,LIE,TAU,-6.220477973563676,-54.06409817689307,58.173936809661
341,14,14,LIE,TAU,-6.79127865295975,-53.76388391468315,58.294826947351105
342,14,14,LIE,TAU,-7.362079332355825,-53.46366965247323,58.41571708504121
343,14,14,LIE,TAU,-7.9328800117519,-53.16345539026331,58.53660722273131
344,14,14,LIE,TAU,-8.503680691147975,-52.86324112805339,58.65749736042142
345,14,14,LIE,TAU,-9.074481370544051,-52.56302686584347,58.77838749811152
346,14,14,LIE,TAU,-9.645282049940127,-52.26281260363355,58.899277635801624
347,14,14,LIE,TAU,-10.216082729336202,-51.96259834142363,59.02016777349173
348,14,14,LIE,TAU,-10.786883408732278,-51.66238407921371,59.14105791118183
349,14,14,LIE,TAU,-11.357684088128353,-51.36216981700379,59.261948048871936
350,14,14,LIE,TAU,-11.928484767524429,-51.06195555479387,59.38283818656204
351,14,14,LIE,TAU,-12.499285446920505,-50.76174129258395,59.503728324252144
352,14,14,LIE,TAU,-13.07008612631658,-50.46152703037403,59.62461846194225
353,14,14,LIE,TAU,-13.640886805712656,-50.16131276816411,59.74550859963235
354,14,14,LIE,TAU,-14.211687485108731,-49.86109850595419,59.866398737322456
355,14,14,LIE,TAU,-14.782488164504807,-49.56088424374427,59.98728887501256
356,14,14,LIE,TAU,-15.353288843900883,-49.26066998153435,60.108179012702664
357,14,14,LIE,TAU,-15.924089523296958,-48.96045571932443,60.22906915039277
358,14,14,LIE,TAU,-16.494890202693032,-48.66024145711451,60.34995928808287
359,14,14,LIE,TAU,-17.065690882089108,-48.36002719490459,60.470849425772975
360,14,14,LIE,TAU,-17.636491561485183,-48.05981293269467,60.59173956346308
361,14,14,LIE,TAU,-18.20729224088126,-47.75959867048475,60.71262970115318
362,14,14,LIE,TAU,-18.778092920277334,-47.45938440827483,60.83351983884329
363,14,14,LIE,TAU,-19.34889359967341,-47.15917014606491,60.95440997653339
364,14,14,LIE,TAU,-19.919694279069486,-46.85895588385499,61.075300114223495
365,14,14,LAW,TAU,-20.029971162455844,-45.35549131487986,61.54376157778385
366,14,14,LAW,TAU,-19.474000345214144,-45.01559423264702,61.6207217498808
367,14,14,LAW,TAU,-18.918029527972443,-44.67569715041417,61.697681921977754
368,14,14,LAW,TAU,-18.362058710730743,-44.33580006818133,61.77464209407471
369,14,14,LAW,TAU,-17.806087893489043,-43.99590298594848,61.85160226617166
370,14,14,LAW,TAU,-17.250117076247342,-43.65600590371564,61.928562438268614
371,14,14,LAW,TAU,-16.69414625900564,-43.31610882148279,62.00552261036557
372,14,14,LAW,TAU,-16.13817544176394,-42.97621173924995,62.08248278246252
373,14,14,LAW,TAU,-15.58220462452224,-42.6363146570171,62.15944295455947
374,14,14,LAW,TAU,-15.026233807280537,-42.29641757478426,62.23640312665643
375,14,14,LAW,TAU,-14.470262990038835,-41.95652049255141,62.31336329875338
376,14,14,LAW,TAU,-13.914292172797133,-41.61662341031857,62.39032347085033
377,14,14,LAW,TAU,-13.35832135555543,-41.27672632808572,62.46728364294729
378,14,14,LAW,TAU,-12.802350538313728,-40.93682924585288,62.54424381504424
379,14,14,LAW,TAU,-12.246379721072026,-40.59693216362003,62.62120398714119
380,14,14,LAW,TAU,-11.690408903830324,-40.25703508138719,62.69816415923815
381,14,14,LAW,TAU,-11.134438086588622,-39.91713799915434,62.7751243313351
382,14,14,LAW,TAU,-10.57846726934692,-39.5772409169215,62.85208450343205
383,14,14,LAW,TAU,-10.022496452105218,-39.23734383468865,62.929044675529006
384,14,14,LAW,TAU,-9.466525634863515,-38.89744675245581,63.00600484762596
385,14,14,LAW,TAU,-8.910554817621813,-38.55754967022296,63.08296501972291
386,14,14,LAW,TAU,-8.354584000380111,-38.217652587990116,63.159925191819866
387,14,14,LAW,TAU,-7.798613183138409,-37.87775550575727,63.23688536391682
388,14,14,LAW,TAU,-7.242642365896707,-37.537858423524426,63.31384553601377
389,14,14,LAW,TAU,-6.686671548655005,-37.19796134129158,63.390805708110726
390,14,14,LAW,TAU,-6.130700731413302,-36.858064259058736,63.46776588020768
391,14,14,LAW,TAU,-5.5747299141716,-36.51816717682589,63.54472605230463
392,14,14,LAW,TAU,-5.018759096929898,-36.178270094593046,63.621686224401586
393,14,14,LAW,TAU,-4.462788279688196,-35.8383730123602,63.69864639649854
394,14,14,LAW,TAU,-3.906817462446494,-35.498475930127356,63.77560656859549
395,14,14,LAW,TAU,-3.3508466452047925,-35.15857884789451,63.852566740692446
396,14,14,LAW,TAU,-2.7948758279630908,-34.818681765661665,63.9295269127894
397,14,14,LAW,TAU,-2.238905010721389,-34.47878468342882,64.00648708488636
398,14,14,LAW,TAU,-1.6829341934796873,-34.138887601195975,64.08344725698332
399,14,14,LAW,TAU,-1.1269633762379856,-33.79899051896313,64.16040742908028
400,14,14,LAW,TAU,-0.5709925589962839,-33.459093436730285,64.23736760117724
401,14,14,LAW,TAU,-0.015021741754582152,-33.11919635449744,64.3143277732742
402,14,14,LAW,TAU,0.5409490754871196,-32.779299272264595,64.39128794537116
403,14,14,LAW,TAU,1.0969198927288213,-32.43940219003175,64.46824811746812
404,14,14,LAW,TAU,1.652890709970523,-32.099505107798905,64.54520828956508
405,14,14,LAW,TAU,2.2088615272122247,-31.75960802556606,64.62216846166204
406,14,14,LAW,TAU,2.7648323444539264,-31.419710943333214,64.699128633759
407,14,14,LAW,TAU,3.320803161695628,-31.07981386110037,64.77608880585596
408,14,14,LAW,TAU,3.87677397893733,-30.739916778867524,64.85304897795292
409,14,14,LAW,TAU,4.432744796179032,-30.40001969663468,64.93000915004988
410,14,14,LAW,TAU,4.988715613420734,-30.060122614401834,65.00696932214684
411,14,14,LAW,TAU,5.544686430662436,-29.72022553216899,65.0839294942438
412,14,14,LAW,TAU,6.100657247904138,-29.380328449936144,65.16088966634076
413,14,14,LAW,TAU,6.65662806514584,-29.0404313677033,65.23784983843773
414,14,14,LAW,TAU,7.212598882387542,-28.700534285470454,65.31481001053469
415,14,14,LAW,TAU,7.768569699629245,-28.36063720323761,65.39177018263165
416,14,14,LAW,TAU,8.324540516870947,-28.020740121004764,65.4687303547286
417,14,14,LAW,TAU,8.880511334112649,-27.68084303877192,65.54569052682557
418,14,14,IRE,LAW,11.334784522878714,-25.856562208969677,65.85244291212126
419,14,14,IRE,LAW,11.82015196311682,-25.418165952145582,65.90520287974189
420,14,14,IRE,LAW,12.305519403354925,-24.979769695321487,65.95796284736252
421,14,14,IRE,LAW,12.79088684359303,-24.54137343849739,66.01072281498315
422,14,14,IRE,LAW,13.276254283831136,-24.102977181673296,66.06348278260378
423,14,14,IRE,LAW,13.761621724069242,-23.6645809248492,66.11624275022442
424,14,14,IRE,LAW,14.246989164307347,-23.226184668025105,66.16900271784505
425,14,14,IRE,LAW,14.732356604545453,-22.78778841120101,66.22176268546568
426,14,14,IRE,LAW,15.217724044783559,-22.349392154376915,66.27452265308631
427,14,14,IRE,LAW,15.703091485021664,-21.91099589755282,66.32728262070694
428,14,14,IRE,LAW,16.18845892525977,-21.472599640728724,66.38004258832757
429,14,14,IRE,LAW,16.673826365497877,-21.03420338390463,66.4328025559482
430,14,14,IRE,LAW,17.159193805735985,-20.595807127080533,66.48556252356883
431,14,14,IRE,LAW,17.644561245974092,-20.157410870256438,66.53832249118946
432,14,14,IRE,LAW,18.1299286862122,-19.719014613432343,66.59108245881009
433,14,14,IRE,LAW,18.615296126450307,-19.280618356608247,66.64384242643072
434,14,14,IRE,LAW,19.100663566688414,-18.842222099784152,66.69660239405135
435,14,14,IRE,LAW,19.58603100692652,-18.403825842960057,66.74936236167198
436,14,14,IRE,LAW,20.07139844716463,-17.96542958613596,66.80212232929262
437,14,14,IRE,LAW,20.556765887402737,-17.527033329311866,66.85488229691325
438,14,14,IRE,LAW,21.042133327640844,-17.08863707248777,66.90764226453388
439,14,14,IRE,LAW,21.52750076787895,-16.650240815663675,66.96040223215451
440,14,14,IRE,LAW,22.01286820811706,-16.21184455883958,67.01316219977514
441,14,14,IRE,LAW,22.498235648355166,-15.773448302015485,67.06592216739577
442,14,14,IRE,LAW,22.983603088593274,-15.33505204519139,67.1186821350164
443,14,14,IRE,LAW,23.46897052883138,-14.896655788367294,67.17144210263703
444,14,14,IRE,LAW,23.95433796906949,-14.458259531543199,67.22420207025766
445,14,14,IRE,LAW,24.439705409307596,-14.019863274719103,67.27696203787829
446,14,14,IRE,LAW,24.925072849545703,-13.581467017895008,67.32972200549892
447,14,14,IRE,LAW,25.41044028978381,-13.143070761070913,67.38248197311955
448,14,14,IRE,LAW,25.895807730021918,-12.704674504246817,67.43524194074018
449,14,14,IRE,LAW,26.381175170260025,-12.266278247422722,67.48800190836081
450,14,14,IRE,LAW,26.866542610498133,-11.827881990598627,67.54076187598145
451,14,14,IRE,LAW,27.35191005073624,-11.389485733774531,67.59352184360208
452,14,14,IRE,LAW,27.837277490974348,-10.951089476950436,67.6462818112227
453,14,14,IRE,LAW,28.322644931212455,-10.51269322012634,67.69904177884334
454,14,14,IRE,LAW,28.808012371450562,-10.074296963302245,67.75180174646397
455,14,14,IRE,LAW,29.29337981168867,-9.63590070647815,67.8045617140846
456,14,14,IRE,LAW,29.778747251926777,-9.197504449654055,67.85732168170523
457,14,14,IRE,LAW,30.264114692164885,-8.75910819282996,67.91008164932586
458,14,14,IRE,LAW,30.749482132402992,-8.320711936005864,67.96284161694649
459,14,14,IRE,LAW,31.2348495726411,-7.882315679181769,68.01560158456712
460,14,14,IRE,LAW,31.720217012879207,-7.4439194223576735,68.06836155218775
461,14,14,IRE,LAW,32.20558445311731,-7.005523165533578,68.12112151980838
462,14,14,IRE,LAW,32.69095189335542,-6.567126908709483,68.17388148742901
463,14,14,IRE,LAW,33.176319333593526,-6.1287306518853875,68.22664145504964
464,14,14,IRE,LAW,33.66168677383163,-5.690334395061292,68.27940142267028
465,14,14,IRE,LAW,34.14705421406974,-5.251938138237197,68.3321613902909
466,14,14,IRE,LAW,34.63242165430785,-4.8135418814131015,68.38492135791154
467,14,14,IRE,LAW,35.117789094545955,-4.375145624589006,68.43768132553217
468,14,14,ERA,IRE,35.30487378972716,-2.262141370453194,68.2560979306216
469,14,14,ERA,IRE,34.80120500708621,-1.866663384680311,68.11301975483646
470,14,14,ERA,IRE,34.29753622444526,-1.4711853989074277,67.96994157905131
471,14,14,ERA,IRE,33.79386744180431,-1.0757074131345445,67.82686340326616
472,14,14,ERA,IRE,33.29019865916336,-0.6802294273616614,67.68378522748101
473,14,14,ERA,IRE,32.78652987652241,-0.2847514415887782,67.54070705169586
474,14,14,ERA,IRE,32.28286109388146,0.11072654418410499,67.39762887591071
475,14,14,ERA,IRE,31.779192311240507,0.5062045299569882,67.25455070012556
476,14,14,ERA,IRE,31.275523528599557,0.9016825157298713,67.11147252434041
477,14,14,ERA,IRE,30.771854745958606,1.2971605015027545,66.96839434855526
478,14,14,ERA,IRE,30.268185963317656,1.6926384872756377,66.82531617277012
479,14,14,ERA,IRE,29.764517180676705,2.0881164730485207,66.68223799698497
480,14,14,ERA,IRE,29.260848398035755,2.483594458821404,66.53915982119982
481,14,14,ERA,IRE,28.757179615394804,2.8790724445942875,66.39608164541467
482,14,14,ERA,IRE,28.253510832753854,3.274550430367171,66.25300346962952
483,14,14,ERA,IRE,27.749842050112903,3.6700284161400543,66.10992529384437
484,14,14,ERA,IRE,27.246173267471953,4.065506401912938,65.96684711805922
485,14,14,ERA,IRE,26.742504484831002,4.460984387685821,65.82376894227407
486,14,14,ERA,IRE,26.238835702190052,4.8564623734587045,65.68069076648892
487,14,14,ERA,IRE,25.7351669195491,5.251940359231588,65.53761259070377
488,14,14,ERA,IRE,25.23149813690815,5.647418345004471,65.39453441491862
489,14,14,ERA,IRE,24.7278293542672,6.042896330777355,65.25145623913347
490,14,14,ERA,IRE,24.22416057162625,6.438374316550238,65.10837806334833
491,14,14,ERA,IRE,23.7204917889853,6.8338523023231215,64.96529988756318
492,14,14,ERA,IRE,23.21682300634435,7.229330288096005,64.82222171177803
493,14,14,ERA,IRE,22.7131542237034,7.624808273868888,64.67914353599288
494,14,14,ERA,IRE,22.209485441062448,8.020286259641772,64.53606536020773
495,14,14,ERA,IRE,21.705816658421497,8.415764245414655,64.39298718442258
496,14,14,ERA,IRE,21.202147875780547,8.811242231187538,64.24990900863743
497,14,14,ERA,IRE,20.698479093139596,9.206720216960422,64.10683083285228
498,14,14,ERA,IRE,20.194810310498646,9.602198202733305,63.96375265706713
499,14,14,ERA,IRE,19.691141527857695,9.997676188506189,63.82067448128198
500,14,14,ERA,IRE,19.187472745216745,10.393154174279072,63.677596305496834
501,14,14,ERA,IRE,18.683803962575794,10.788632160051955,63.534518129711685
502,14,14,ERA,IRE,18.180135179934844,11.184110145824839,63.391439953926536
503,14,14,ERA,IRE,17.676466397293893,11.579588131597722,63.24836177814139
504,14,14,ERA,IRE,17.172797614652943,11.975066117370606,63.10528360235624
505,14,14,ERA,IRE,16.669128832011992,12.370544103143489,62.96220542657109
506,14,14,ERA,IRE,16.165460049371042,12.766022088916372,62.81912725078594
507,14,14,ERA,IRE,15.66179126673009,13.161500074689256,62.67604907500079
508,14,14,ERA,RIB,13.018656474770362,13.735269560903344,63.054215767710474
509,14,14,ERA,RIB,12.703972687259695,13.325487212227468,63.45870184264461
510,14,14,ERA,RIB,12.389288899749028,12.915704863551593,63.86318791757874
511,14,14,ERA,RIB,12.07460511223836,12.505922514875717,64.26767399251288
512,14,14,ERA,RIB,11.759921324727694,12.096140166199842,64.67216006744702
513,14,14,ERA,RIB,11.445237537217027,11.686357817523966,65.07664614238116
514,14,14,ERA,RIB,11.13055374970636,11.27657546884809,65.4811322173153
515,14,14,ERA,RIB,10.815869962195693,10.866793120172215,65.88561829224945
516,14,14,ERA,RIB,10.501186174685026,10.45701077149634,66.29010436718359
517,14,14,ERA,RIB,10.18650238717436,10.047228422820464,66.69459044211773
518,14,14,ERA,RIB,9.871818599663692,9.637446074144588,67.09907651705187
519,14,14,ERA,RIB,9.557134812153025,9.227663725468712,67.50356259198601
520,14,14,ERA,RIB,9.242451024642358,8.817881376792837,67.90804866692015
521,14,14,ERA,RIB,8.927767237131691,8.408099028116961,68.3125347418543
522,14,14,ERA,RIB,8.613083449621024,7.998316679441085,68.71702081678843
523,14,14,ERA,RIB,8.298399662110358,7.588534330765208,69.12150689172258
524,14,14,ERA,RIB,7.983715874599691,7.178751982089332,69.52599296665672
525,14,14,ERA,RIB,7.669032087089024,6.768969633413455,69.93047904159086
526,14,14,ERA,RIB,7.354348299578357,6.359187284737579,70.334965116525
527,14,14,ERA,RIB,7.03966451206769,5.949404936061702,70.73945119145914
528,14,14,ERA,RIB,6.724980724557023,5.539622587385826,71.14393726639328
529,14,14,ERA,RIB,6.410296937046356,5.129840238709949,71.54842334132742
530,14,14,ERA,RIB,6.095613149535689,4.720057890034073,71.95290941626156
531,14,14,ERA,RIB,5.780929362025022,4.310275541358196,72.3573954911957
532,14,14,ERA,RIB,5.466245574514355,3.9004931926823203,72.76188156612984
533,14,14,ERA,RIB,5.151561787003688,3.4907108440064443,73.16636764106399
534,14,14,ERA,RIB,4.836877999493021,3.0809284953305682,73.57085371599813
535,14,14,ERA,RIB,4.522194211982354,2.671146146654692,73.97533979093227
536,14,14,ERA,RIB,4.207510424471687,2.261363797978816,74.37982586586641
537,14,14,ERA,RIB,3.8928266369610203,1.8515814493029399,74.78431194080055
538,14,14,ERA,RIB,3.5781428494503533,1.4417991006270636,75.18879801573469
539,14,14,ERA,RIB,3.2634590619396864,1.0320167519511874,75.59328409066883
540,14,14,ERA,RIB,2.9487752744290194,0.6222344032753111,75.99777016560297
541,14,14,ERA,RIB,2.6340914869183525,0.2124520545994349,76.40225624053711
542,14,14,ERA,RIB,2.3194076994076855,-0.19733029407644131,76.80674231547125
543,14,14,ERA,RIB,2.0047239118970186,-0.6071126427523175,77.2112283904054
544,14,14,ERA,RIB,1.6900401243863516,-1.0168949914281937,77.61571446533954
545,14,14,IRE,RIB,2.2186760203562477,-2.2446612901067695,78.37691530804705
546,14,14,IRE,RIB,2.8493297703517984,-2.261636038290718,78.19651533641556
547,14,14,IRE,RIB,3.479983520347349,-2.2786107864746663,78.01611536478407
548,14,14,IRE,RIB,4.1106372703429,-2.2955855346586147,77.83571539315258
549,14,14,IRE,RIB,4.74129102033845,-2.312560282842563,77.6553154215211
550,14,14,IRE,RIB,5.371944770334001,-2.3295350310265115,77.47491544988961
551,14,14,IRE,RIB,6.002598520329552,-2.34650977921046,77.29451547825812
552,14,14,IRE,RIB,6.6332522703251025,-2.3634845273944083,77.11411550662663
553,14,14,IRE,RIB,7.263906020320653,-2.3804592755783567,76.93371553499514
554,14,14,IRE,RIB,7.894559770316204,-2.397434023762305,76.75331556336366
555,14,14,IRE,RIB,8.525213520311755,-2.4144087719462535,76.57291559173217
556,14,14,IRE,RIB,9.155867270307306,-2.431383520130202,76.39251562010068
557,14,14,IRE,RIB,9.786521020302857,-2.4483582683141503,76.2121156484692
558,14,14,IRE,RIB,10.417174770298407,-2.4653330164980987,76.0317156768377
559,14,14,IRE,RIB,11.047828520293958,-2.482307764682047,75.85131570520622
560,14,14,IRE,RIB,11.678482270289509,-2.4992825128659955,75.67091573357473
561,14,14,IRE,RIB,12.30913602028506,-2.516257261049944,75.49051576194324
562,14,14,IRE,RIB,12.93978977028061,-2.5332320092338922,75.31011579031176
563,14,14,IRE,RIB,13.57044352027616,-2.5502067574178406,75.12971581868027
564,14,14,IRE,RIB,14.201097270271712,-2.567181505601789,74.94931584704878
565,14,14,IRE,RIB,14.831751020267262,-2.5841562537857374,74.76891587541729
566,14,14,IRE,RIB,15.462404770262813,-2.601131001969686,74.5885159037858
567,14,14,IRE,RIB,16.093058520258364,-2.6181057501536342,74.40811593215432
568,14,14,IRE,RIB,16.723712270253916,-2.6350804983375826,74.22771596052283
569,14,14,IRE,RIB,17.35436602024947,-2.652055246521531,74.04731598889134
570,14,14,IRE,RIB,17.98501977024502,-2.6690299947054794,73.86691601725985
571,14,14,IRE,RIB,18.615673520240573,-2.686004742889428,73.68651604562837
572,14,14,IRE,RIB,19.246327270236126,-2.702979491073376,73.50611607399688
573,14,14,IRE,RIB,19.87698102023168,-2.7199542392573246,73.32571610236539
574,14,14,IRE,RIB,20.50763477022723,-2.736928987441273,73.1453161307339
575,14,14,IRE,RIB,21.138288520222783,-2.7539037356252214,72.96491615910242
576,14,14,IRE,RIB,21.768942270218336,-2.77087848380917,72.78451618747093
577,14,14,IRE,RIB,22.399596020213888,-2.787853231993118,72.60411621583944
578,14,14,IRE,RIB,23.03024977020944,-2.8048279801770666,72.42371624420795
579,14,14,IRE,RIB,23.660903520204993,-2.821802728361015,72.24331627257646
580,14,14,IRE,RIB,24.291557270200546,-2.8387774765449634,72.06291630094498
581,14,14,IRE,RIB,24.922211020196098,-2.8557522247289118,71.88251632931349
582,14,14,IRE,RIB,25.55286477019165,-2.87272697291286,71.702116357682
583,14,14,IRE,RIB,26.183518520187203,-2.8897017210968086,71.52171638605051
584,14,14,IRE,RIB,26.814172270182755,-2.906676469280757,71.34131641441903
585,14,14,IRE,RIB,27.444826020178308,-2.9236512174647054,71.16091644278754
586,14,14,IRE,RIB,28.07547977017386,-2.9406259656486538,70.98051647115605
587,14,14,IRE,RIB,28.706133520169413,-2.957600713832602,70.80011649952456
588,14,14,IRE,RIB,29.336787270164965,-2.9745754620165505,70.61971652789308
589,14,14,IRE,RIB,29.967441020160518,-2.991550210200499,70.43931655626159
590,14,14,IRE,RIB,30.59809477015607,-3.0085249583844473,70.2589165846301
591,14,14,IRE,RIB,31.228748520151623,-3.0254997065683957,70.07851661299861
592,14,14,IRE,RIB,31.859402270147175,-3.042474454752344,69.89811664136712
593,14,14,IRE,RIB,32.490056020142724,-3.0594492029362925,69.71771666973564
594,14,14,GIG,IRE,36.77251465358612,-4.239638039292929,67.58431389543823
595,14,14,GIG,IRE,36.910858517849576,-4.709206742986201,67.14736692845428
596,14,14,GIG,IRE,37.04920238211303,-5.178775446679472,66.71041996147032
597,14,14,GIG,IRE,37.187546246376485,-5.648344150372743,66.27347299448637
598,14,14,GIG,IRE,37.32589011063994,-6.117912854066015,65.83652602750242
599,14,14,GIG,IRE,37.464233974903394,-6.587481557759286,65.39957906051846
600,14,14,GIG,IRE,37.60257783916685,-7.057050261452558,64.96263209353451
601,14,14,GIG,IRE,37.7409217034303,-7.526618965145829,64.52568512655056
602,14,14,GIG,IRE,37.87926556769376,-7.9961876688391005,64.0887381595666
603,14,14,GIG,IRE,38.01760943195721,-8.465756372532372,63.65179119258265
604,14,14,GIG,IRE,38.155953296220666,-8.935325076225643,63.214844225598696
605,14,14,GIG,IRE,38.29429716048412,-9.404893779918915,62.77789725861474
606,14,14,GIG,IRE,38.432641024747575,-9.874462483612186,62.34095029163079
607,14,14,GIG,IRE,38.57098488901103,-10.344031187305458,61.90400332464684
608,14,14,GIG,IRE,38.709328753274484,-10.813599890998729,61.467056357662884
609,14,14,GIG,IRE,38.84767261753794,-11.283168594692,61.03010939067893
610,14,14,GIG,IRE,38.98601648180139,-11.752737298385272,60.59316242369498
611,14,14,GIG,IRE,39.12436034606485,-12.222306002078543,60.156215456711024
612,14,14,GIG,IRE,39.2627042103283,-12.691874705771815,59.71926848972707
613,14,14,GIG,IRE,39.401048074591756,-13.161443409465086,59.28232152274312
614,14,14,GIG,IRE,39.53939193885521,-13.631012113158357,58.845374555759165
615,14,14,GIG,IRE,39.677735803118665,-14.100580816851629,58.40842758877521
616,14,14,GIG,IRE,39.81607966738212,-14.5701495205449,57.97148062179126
617,14,14,GIG,IRE,39.954423531645574,-15.039718224238172,57.534533654807305
618,14,14,GIG,IRE,40.09276739590903,-15.509286927931443,57.09758668782335
619,14,14,GIG,IRE,40.23111126017248,-15.978855631624715,56.6606397208394
620,14,14,GIG,IRE,40.36945512443594,-16.448424335317984,56.223692753855445
621,14,14,GIG,IRE,40.50779898869939,-16.917993039011254,55.78674578687149
622,14,14,GIG,IRE,40.646142852962846,-17.387561742704523,55.34979881988754
623,14,14,GIG,IRE,40.7844867172263,-17.857130446397793,54.912851852903586
624,14,14,GIG,IRE,40.922830581489755,-18.326699150091063,54.47590488591963
625,14,14,GIG,IRE,41.06117444575321,-18.796267853784332,54.03895791893568
626,14,14,GIG,IRE,41.199518310016664,-19.265836557477602,53.602010951951726
627,14,14,GIG,IRE,41.33786217428012,-19.73540526117087,53.16506398496777
628,14,14,GIG,IRE,41.47620603854357,-20.20497396486414,52.72811701798382
629,14,14,GIG,IRE,41.61454990280703,-20.67454266855741,52.29117005099987
630,14,14,GIG,IRE,41.75289376707048,-21.14411137225068,51.85422308401591
631,14,14,GIG,IRE,41.89123763133394,-21.61368007594395,51.41727611703196
632,14,14,GIG,IRE,42.02958149559739,-22.08324877963722,50.98032915004801
633,14,14,GIG,IRE,42.167925359860845,-22.55281748333049,50.543382183064054
634,14,14,GIG,LIE,41.34980986559073,-23.202406929935762,51.24858507154766
635,14,14,GIG,LIE,41.085042261138604,-23.80261294648958,51.26298290295662
636,14,14,GIG,LIE,40.82027465668648,-24.4028189630434,51.277380734365586
637,14,14,GIG,LIE,40.555507052234354,-25.00302497959722,51.29177856577455
638,14,14,GIG,LIE,40.29073944778223,-25.60323099615104,51.30617639718351
639,14,14,GIG,LIE,40.025971843330105,-26.20343701270486,51.32057422859248
640,14,14,GIG,LIE,39.76120423887798,-26.80364302925868,51.33497206000144
641,14,14,GIG,LIE,39.496436634425855,-27.4038490458125,51.349369891410404
642,14,14,GIG,LIE,39.23166902997373,-28.00405506236632,51.36376772281937
643,14,14,GIG,LIE,38.966901425521606,-28.60426107892014,51.37816555422833
644,14,14,GIG,LIE,38.70213382106948,-29.20446709547396,51.392563385637295
645,14,14,GIG,LIE,38.437366216617356,-29.80467311202778,51.40696121704626
646,14,14,GIG,LIE,38.17259861216523,-30.404879128581598,51.42135904845522
647,14,14,GIG,LIE,37.907831007713106,-31.005085145135418,51.435756879864186
648,14,14,GIG,LIE,37.64306340326098,-31.605291161689237,51.45015471127315
649,14,14,GIG,LIE,37.37829579880886,-32.20549717824306,51.464552542682114
650,14,14,GIG,LIE,37.11352819435673,-32.80570319479688,51.47895037409108
651,14,14,GIG,LIE,36.84876058990461,-33.405909211350696,51.49334820550004
652,14,14,GIG,LIE,36.58399298545248,-34.006115227904516,51.507746036909005
653,14,14,GIG,LIE,36.31922538100036,-34.606321244458336,51.52214386831797
654,14,14,GIG,LIE,36.05445777654823,-35.206527261012155,51.53654169972693
655,14,14,GIG,LIE,35.78969017209611,-35.806733277565975,51.550939531135896
656,14,14,GIG,LIE,35.52492256764398,-36.406939294119795,51.56533736254486
657,14,14,GIG,LIE,35.26015496319186,-37.007145310673614,51.57973519395382
658,14,14,GIG,LIE,34.995387358739734,-37.607351327227434,51.59413302536279
659,14,14,GIG,LIE,34.73061975428761,-38.207557343781254,51.60853085677175
660,14,14,GIG,LIE,34.465852149835484,-38.80776336033507,51.622928688180714
661,14,14,GIG,LIE,34.20108454538336,-39.40796937688889,51.63732651958968
662,14,14,GIG,LIE,33.936316940931235,-40.00817539344271,51.65172435099864
663,14,14,GIG,LIE,33.67154933647911,-40.60838140999653,51.666122182407605
664,14,14,GIG,LIE,33.406781732026985,-41.20858742655035,51.68052001381657
665,14,14,GIG,LIE,33.14201412757486,-41.80879344310417,51.69491784522553
666,14,14,GIG,LIE,32.877246523122736,-42.40899945965799,51.709315676634496
667,14,14,GIG,LIE,32.61247891867061,-43.00920547621181,51.72371350804346
668,14,14,GIG,LIE,32.347711314218486,-43.60941149276563,51.73811133945242
669,14,14,GIG,LIE,32.08294370976636,-44.20961750931945,51.75250917086139
670,14,14,GIG,LIE,31.818176105314237,-44.80982352587327,51.76690700227035
671,14,14,GIG,LIE,31.553408500862112,-45.41002954242709,51.781304833679314
672,14,14,GIG,LIE,31.288640896409987,-46.01023555898091,51.79570266508828
673,14,14,GIG,LIE,31.023873291957862,-46.61044157553473,51.81010049649724
674,14,14,GIG,LIE,30.759105687505738,-47.21064759208855,51.824498327906205
675,14,14,GIG,LIE,30.494338083053613,-47.81085360864237,51.83889615931517
676,14,14,GIG,LIE,30.229570478601488,-48.41105962519619,51.85329399072413
677,14,14,GIG,LIE,29.964802874149363,-49.01126564175001,51.8676918221331
678,14,14,GIG,LIE,29.70003526969724,-49.61147165830383,51.88208965354206
679,14,14,GIG,LIE,29.435267665245114,-50.21167767485765,51.896487484951024
680,14,14,GIG,LIE,29.17050006079299,-50.81188369141147,51.91088531635999
681,14,14,GIG,LIE,28.905732456340864,-51.412089707965286,51.92528314776895
682,14,14,GIG,LIE,28.64096485188874,-52.012295724519106,51.939680979177915
683,14,14,GIG,LIE,28.376197247436615,-52.612501741072926,51.95407881058688
684,14,14,GIG,LIE,28.11142964298449,-53.212707757626745,51.96847664199584
685,14,14,GIG,LIE,27.846662038532365,-53.812913774180565,51.982874473404806
686,14,14,GIG,LIE,27.58189443408024,-54.413119790734385,51.99727230481377
687,14,14,GIG,LIE,27.317126829628116,-55.013325807288204,52.01167013622273
688,14,14,GIG,LIE,27.05235922517599,-55.613531823842024,52.0260679676317
689,14,14,GIG,LIE,26.787591620723866,-56.213737840395844,52.04046579904066
690,14,14,GIG,LIE,26.52282401627174,-56.81394385694966,52.054863630449624
691,14,14,GIG,LIE,26.258056411819616,-57.41414987350348,52.06926146185859
692,14,14,GIG,LIE,25.99328880736749,-58.0143558900573,52.08365929326755
693,14,14,GIG,LIE,25.728521202915367,-58.61456190661112,52.098057124676515
694,14,14,GIG,LIE,25.463753598463242,-59.21476792316494,52.11245495608548
695,14,14,GIG,LIE,25.198985994011117,-59.81497393971876,52.12685278749444
696,14,14,GIG,LIE,24.934218389558993,-60.41517995627258,52.141250618903406
697,14,14,GIG,LIE,24.669450785106868,-61.0153859728264,52.15564845031237
698,14,14,GIG,LIE,24.404683180654743,-61.61559198938022,52.17004628172133
699,14,14,GIG,LIE,24.13991557620262,-62.21579800593404,52.1844441131303
700,14,14,GIG,LIE,23.875147971750494,-62.81600402248786,52.19884194453926
701,14,14,GIG,LIE,23.61038036729837,-63.41621003904168,52.213239775948225
702,14,14,GIG,LIE,23.345612762846244,-64.0164160555955,52.22763760735719
703,14,14,GIG,LIE,23.08084515839412,-64.61662207214931,52.24203543876615
704,14,14,GIG,LIE,22.816077553941994,-65.21682808870312,52.256433270175116
705,14,14,GIG,LIE,22.55130994948987,-65.81703410525694,52.27083110158408
706,14,14,GIG,LIE,22.286542345037745,-66.41724012181075,52.28522893299304
707,14,14,GIG,LIE,22.02177474058562,-67.01744613836456,52.29962676440201
708,14,14,GIG,LIE,21.757007136133495,-67.61765215491837,52.31402459581097
709,14,14,EVE,LIE,21.76760387714533,-67.34481219909883,53.105341219847794
710,14,14,EVE,LIE,21.95413069288905,-66.81312722106077,53.44160789283396
711,14,14,EVE,LIE,22.140657508632767,-66.28144224302271,53.77787456582012
712,14,14,EVE,LIE,22.327184324376486,-65.74975726498465,54.11414123880628
713,14,14,EVE,LIE,22.513711140120204,-65.2180722869466,54.450407911792446
714,14,14,EVE,LIE,22.700237955863923,-64.68638730890854,54.78667458477861
715,14,14,EVE,LIE,22.88676477160764,-64.15470233087048,55.12294125776477
716,14,14,EVE,LIE,23.07329158735136,-63.62301735283243,55.459207930750935
717,14,14,EVE,LIE,23.25981840309508,-63.091332374794376,55.7954746037371
718,14,14,EVE,LIE,23.446345218838797,-62.559647396756326,56.13174127672326
719,14,14,EVE,LIE,23.632872034582515,-62.027962418718275,56.468007949709424
720,14,14,EVE,LIE,23.819398850326234,-61.496277440680224,56.80427462269559
721,14,14,EVE,LIE,24.005925666069952,-60.96459246264217,57.14054129568175
722,14,14,EVE,LIE,24.19245248181367,-60.43290748460412,57.47680796866791
723,14,14,EVE,LIE,24.37897929755739,-59.90122250656607,57.813074641654076
724,14,14,EVE,LIE,24.565506113301108,-59.36953752852802,58.14934131464024
725,14,14,EVE,LIE,24.752032929044827,-58.83785255048997,58.4856079876264
726,14,14,EVE,LIE,24.938559744788545,-58.30616757245192,58.821874660612565
727,14,14,EVE,LIE,25.125086560532264,-57.77448259441387,59.15814133359873
728,14,14,EVE,LIE,25.311613376275982,-57.24279761637582,59.49440800658489
729,14,14,EVE,LIE,25.4981401920197,-56.71111263833777,59.830674679571054
730,14,14,EVE,LIE,25.68466700776342,-56.179427660299716,60.16694135255722
731,14,14,EVE,LIE,25.871193823507138,-55.647742682261665,60.50320802554338
732,14,14,EVE,LIE,26.057720639250856,-55.116057704223614,60.83947469852954
733,14,14,EVE,LIE,26.244247454994575,-54.58437272618556,61.175741371515706
734,14,14,EVE,LIE,26.430774270738294,-54.05268774814751,61.51200804450187
735,14,14,EVE,LIE,26.617301086482012,-53.52100277010946,61.84827471748803
736,14,14,EVE,LIE,26.80382790222573,-52.98931779207141,62.184541390474195
737,14,14,EVE,LIE,26.99035471796945,-52.45763281403336,62.52080806346036
738,14,14,EVE,LIE,27.176881533713168,-51.92594783599531,62.85707473644652
739,14,14,EVE,LIE,27.363408349456886,-51.39426285795726,63.19334140943268
740,14,14,EVE,LIE,27.549935165200605,-50.86257787991921,63.52960808241885
741,14,14,EVE,LIE,27.736461980944323,-50.33089290188116,63.86587475540501
742,14,14,EVE,LIE,27.922988796688042,-49.799207923843106,64.20214142839117
743,14,14,EVE,LIE,28.10951561243176,-49.267522945805055,64.53840810137733
744,14,14,EVE,LIE,28.29604242817548,-48.735837967767004,64.87467477436348
745,14,14,EVE,LIE,28.482569243919198,-48.204152989728954,65.21094144734964
746,14,14,EVE,LIE,28.669096059662916,-47.6724680116909,65.5472081203358
747,14,14,EVE,LIE,28.855622875406635,-47.14078303365285,65.88347479332195
748,14,14,EVE,LIE,29.042149691150353,-46.6090980556148,66.21974146630811
749,14,14,EVE,LIE,29.22867650689407,-46.07741307757675,66.55600813929426
750,14,14,EVE,LIE,29.41520332263779,-45.5457280995387,66.89227481228042
751,14,14,EVE,LIE,29.60173013838151,-45.01404312150065,67.22854148526658
752,14,14,EVE,LIE,29.788256954125227,-44.4823581434626,67.56480815825273
753,14,14,EVE,LIE,29.974783769868946,-43.95067316542455,67.90107483123889
754,14,14,EVE,LIE,30.161310585612664,-43.418988187386496,68.23734150422504
755,14,14,EVE,LIE,30.347837401356383,-42.887303209348445,68.5736081772112
756,14,14,EVE,OLD,29.63735329846112,-42.06767455779606,69.68526010555416
757,14,14,EVE,OLD,29.0801169326248,-42.41159168944711,69.72727300084178
758,14,14,EVE,OLD,28.52288056678848,-42.755508821098154,69.76928589612939
759,14,14,EVE,OLD,27.96564420095216,-43.0994259527492,69.811298791417
760,14,14,EVE,OLD,27.40840783511584,-43.44334308440025,69.85331168670461
761,14,14,EVE,OLD,26.851171469279517,-43.787260216051294,69.89532458199223
762,14,14,EVE,OLD,26.293935103443197,-44.13117734770234,69.93733747727984
763,14,14,EVE,OLD,25.736698737606876,-44.47509447935339,69.97935037256745
764,14,14,EVE,OLD,25.179462371770555,-44.819011611004434,70.02136326785507
765,14,14,EVE,OLD,24.622226005934234,-45.16292874265548,70.06337616314268
766,14,14,EVE,OLD,24.064989640097913,-45.50684587430653,70.10538905843029
767,14,14,EVE,OLD,23.507753274261592,-45.850763005957575,70.1474019537179
768,14,14,EVE,OLD,22.95051690842527,-46.19468013760862,70.18941484900552
769,14,14,EVE,OLD,22.39328054258895,-46.53859726925967,70.23142774429313
770,14,14,EVE,OLD,21.83604417675263,-46.882514400910715,70.27344063958074
771,14,14,EVE,OLD,21.27880781091631,-47.22643153256176,70.31545353486835
772,14,14,EVE,OLD,20.721571445079988,-47.57034866421281,70.35746643015597
773,14,14,EVE,OLD,20.164335079243667,-47.914265795863855,70.39947932544358
774,14,14,EVE,OLD,19.607098713407346,-48.2581829275149,70.44149222073119
775,14,14,EVE,OLD,19.049862347571025,-48.60210005916595,70.4835051160188
776,14,14,EVE,OLD,18.492625981734705,-48.946017190816995,70.52551801130642
777,14,14,EVE,OLD,17.935389615898384,-49.28993432246804,70.56753090659403
778,14,14,EVE,OLD,17.378153250062063,-49.63385145411909,70.60954380188164
779,14,14,EVE,OLD,16.820916884225742,-49.977768585770136,70.65155669716926
780,14,14,EVE,OLD,16.26368051838942,-50.32168571742118,70.69356959245687
781,14,14,EVE,OLD,15.7064441525531,-50.66560284907223,70.73558248774448
782,14,14,EVE,OLD,15.14920778671678,-51.009519980723276,70.7775953830321
783,14,14,EVE,OLD,14.591971420880459,-51.35343711237432,70.8196082783197
784,14,14,EVE,OLD,14.034735055044138,-51.69735424402537,70.86162117360732
785,14,14,EVE,OLD,13.477498689207817,-52.041271375676416,70.90363406889493
786,14,14,EVE,OLD,12.920262323371496,-52.38518850732746,70.94564696418254
787,14,14,EVE,OLD,12.363025957535175,-52.72910563897851,70.98765985947016
788,14,14,EVE,OLD,11.805789591698854,-53.07302277062956,71.02967275475777
789,14,14,EVE,OLD,11.248553225862533,-53.4169399022806,71.07168565004538
790,14,14,EVE,OLD,10.691316860026213,-53.76085703393165,71.113698545333
791,14,14,EVE,OLD,10.134080494189892,-54.1047741655827,71.1557114406206
792,14,14,EVE,OLD,9.57684412835357,-54.448691297233744,71.19772433590822
793,14,14,EVE,OLD,9.01960776251725,-54.79260842888479,71.23973723119583
794,14,14,EVE,OLD,8.462371396680929,-55.13652556053584,71.28175012648344
795,14,14,EVE,OLD,7.905135030844608,-55.480442692186884,71.32376302177106
796,14,14,EVE,OLD,7.347898665008287,-55.82435982383793,71.36577591705867
797,14,14,EVE,OLD,6.7906622991719665,-56.16827695548898,71.40778881234628
798,14,14,EVE,OLD,6.233425933335646,-56.512194087140024,71.4498017076339
799,14,14,EVE,OLD,5.676189567499325,-56.85611121879107,71.49181460292151
800,14,14,EVE,OLD,5.118953201663004,-57.20002835044212,71.53382749820912
801,14,14,EVE,OLD,4.561716835826683,-57.543945482093164,71.57584039349673
802,14,14,EVE,OLD,4.004480469990362,-57.88786261374421,71.61785328878435
803,14,14,EVE,OLD,3.447244104154041,-58.23177974539526,71.65986618407196
804,14,14,EVE,OLD,2.8900077383177196,-58.575696877046305,71.70187907935957
805,14,14,EVE,OLD,2.3327713724813983,-58.91961400869735,71.74389197464718
806,14,14,EVE,OLD,1.775535006645077,-59.2635311403484,71.7859048699348
807,14,14,EVE,OLD,1.2182986408087557,-59.607448271999445,71.82791776522241
808,14,14,EVE,LAW,29.69489232696227,-40.43344445669415,69.3624102181359
809,14,14,EVE,LAW,29.16282614062831,-40.0624752570253,69.26319393680521
810,14,14,EVE,LAW,28.63075995429435,-39.69150605735645,69.16397765547451
811,14,14,EVE,LAW,28.09869376796039,-39.3205368576876,69.06476137414381
812,14,14,EVE,LAW,27.56662758162643,-38.94956765801875,68.96554509281312
813,14,14,EVE,LAW,27.03456139529247,-38.5785984583499,68.86632881148242
814,14,14,EVE,LAW,26.50249520895851,-38.20762925868105,68.76711253015172
815,14,14,EVE,LAW,25.97042902262455,-37.8366600590122,68.66789624882102
816,14,14,EVE,LAW,25.43836283629059,-37.465690859343354,68.56867996749033
817,14,14,EVE,LAW,24.90629664995663,-37.094721659674505,68.46946368615963
818,14,14,EVE,LAW,24.37423046362267,-36.723752460005656,68.37024740482893
819,14,14,EVE,LAW,23.84216427728871,-36.35278326033681,68.27103112349823
820,14,14,EVE,LAW,23.31009809095475,-35.98181406066796,68.17181484216754
821,14,14,EVE,LAW,22.77803190462079,-35.61084486099911,68.07259856083684
822,14,14,EVE,LAW,22.24596571828683,-35.23987566133026,67.97338227950614
823,14,14,EVE,LAW,21.71389953195287,-34.86890646166141,67.87416599817544
824,14,14,EVE,LAW,21.18183334561891,-34.49793726199256,67.77494971684474
825,14,14,EVE,LAW,20.64976715928495,-34.12696806232371,67.67573343551405
826,14,14,EVE,LAW,20.11770097295099,-33.75599886265486,67.57651715418335
827,14,14,EVE,LAW,19.585634786617028,-33.385029662986014,67.47730087285265
828,14,14,EVE,LAW,19.053568600283068,-33.014060463317165,67.37808459152195
829,14,14,EVE,LAW,18.521502413949108,-32.643091263648316,67.27886831019126
830,14,14,EVE,LAW,17.989436227615148,-32.27212206397947,67.17965202886056
831,14,14,EVE,LAW,17.457370041281187,-31.90115286431062,67.08043574752986
832,14,14,EVE,LAW,16.925303854947227,-31.530183664641775,66.98121946619916
833,14,14,EVE,LAW,16.393237668613267,-31.15921446497293,66.88200318486847
834,14,14,EVE,LAW,15.861171482279309,-30.788245265304084,66.78278690353777
835,14,14,EVE,LAW,15.32910529594535,-30.41727606563524,66.68357062220707
836,14,14,EVE,LAW,14.797039109611392,-30.046306865966393,66.58435434087637
837,14,14,EVE,LAW,14.264972923277433,-29.675337666297548,66.48513805954568
838,14,14,EVE,LAW,13.732906736943475,-29.304368466628702,66.38592177821498
839,14,14,EVE,LAW,13.200840550609517,-28.933399266959857,66.28670549688428
840,14,14,EVE,LAW,12.668774364275558,-28.56243006729101,66.18748921555358
841,14,14,EVE,LAW,12.1367081779416,-28.191460867622165,66.08827293422289
842,14,14,EVE,LAW,11.604641991607641,-27.82049166795332,65.98905665289219
843,14,14,EVE,LAW,11.072575805273683,-27.449522468284474,65.88984037156149
844,14,14,FOG,LAW,8.931476449904169,-26.746560520510513,66.48257095573388
845,14,14,FOG,LAW,8.365527989057234,-26.6974898717445,66.81097749543531
846,14,14,FOG,LAW,7.799579528210301,-26.64841922297849,67.13938403513674
847,14,14,FOG,LAW,7.233631067363367,-26.599348574212478,67.46779057483818
848,14,14,FOG,LAW,6.667682606516434,-26.550277925446466,67.79619711453961
849,14,14,FOG,LAW,6.1017341456695,-26.501207276680454,68.12460365424104
850,14,14,FOG,LAW,5.535785684822566,-26.45213662791444,68.45301019394248
851,14,14,FOG,LAW,4.969837223975633,-26.40306597914843,68.78141673364391
852,14,14,FOG,LAW,4.403888763128699,-26.353995330382418,69.10982327334534
853,14,14,FOG,LAW,3.8379403022817655,-26.304924681616406,69.43822981304677
854,14,14,FOG,LAW,3.271991841434832,-26.255854032850394,69.76663635274821
855,14,14,FOG,LAW,2.7060433805878983,-26.206783384084382,70.09504289244964
856,14,14,FOG,LAW,2.1400949197409647,-26.15771273531837,70.42344943215107
857,14,14,FOG,LAW,1.574146458894031,-26.108642086552358,70.7518559718525
858,14,14,FOG,LAW,1.0081979980470974,-26.059571437786346,71.08026251155394
859,14,14,FOG,LAW,0.4422495372001637,-26.010500789020334,71.40866905125537
860,14,14,FOG,LAW,-0.12369892364677004,-25.961430140254322,71.7370755909568
861,14,14,FOG,LAW,-0.6896473844937038,-25.91235949148831,72.06548213065824
862,14,14,FOG,LAW,-1.2555958453406375,-25.863288842722298,72.39388867035967
863,14,14,FOG,LAW,-1.8215443061875711,-25.814218193956286,72.7222952100611
864,14,14,FOG,LAW,-2.3874927670345047,-25.765147545190274,73.05070174976254
865,14,14,FOG,LAW,-2.9534412278814384,-25.716076896424262,73.37910828946397
866,14,14,FOG,LAW,-3.519389688728372,-25.66700624765825,73.7075148291654
867,14,14,FOG,LAW,-4.085338149575306,-25.617935598892238,74.03592136886684
868,14,14,FOG,LAW,-4.65128661042224,-25.568864950126226,74.36432790856827
869,14,14,FOG,LAW,-5.217235071269173,-25.519794301360214,74.6927344482697
870,14,14,FOG,LAW,-5.783183532116107,-25.470723652594202,75.02114098797114
871,14,14,FOG,LAW,-6.3491319929630405,-25.42165300382819,75.34954752767257
872,14,14,FOG,LAW,-6.915080453809974,-25.37258235506218,75.677954067374
873,14,14,FOG,LAW,-7.481028914656908,-25.323511706296166,76.00636060707544
874,14,14,FOG,LAW,-8.046977375503841,-25.274441057530154,76.33476714677687
875,14,14,FOG,LAW,-8.612925836350776,-25.225370408764142,76.6631736864783
876,14,14,FOG,LAW,-9.17887429719771,-25.17629975999813,76.99158022617974
877,14,14,FOG,LAW,-9.744822758044645,-25.12722911123212,77.31998676588117
878,14,14,FOG,LAW,-10.31077121889158,-25.078158462466106,77.6483933055826
879,14,14,FOG,LAW,-10.876719679738514,-25.029087813700095,77.97679984528403
880,14,14,FOG,LAW,-11.442668140585448,-24.980017164934083,78.30520638498547
881,14,14,FOG,RIB,-11.191309522995375,-23.6289190648465,78.59568569668386
882,14,14,FOG,RIB,-10.871296001379342,-23.056100605941726,78.6008628913744
883,14,14,FOG,RIB,-10.551282479763309,-22.483282147036952,78.60604008606495
884,14,14,FOG,RIB,-10.231268958147275,-21.91046368813218,78.6112172807555
885,14,14,FOG,RIB,-9.911255436531242,-21.337645229227405,78.61639447544604
886,14,14,FOG,RIB,-9.591241914915209,-20.76482677032263,78.62157167013659
887,14,14,FOG,RIB,-9.271228393299175,-20.192008311417858,78.62674886482714
888,14,14,FOG,RIB,-8.951214871683142,-19.619189852513085,78.63192605951768
889,14,14,FOG,RIB,-8.631201350067109,-19.04637139360831,78.63710325420823
890,14,14,FOG,RIB,-8.311187828451075,-18.473552934703537,78.64228044889877
891,14,14,FOG,RIB,-7.991174306835041,-17.900734475798764,78.64745764358932
892,14,14,FOG,RIB,-7.671160785219007,-17.32791601689399,78.65263483827987
893,14,14,FOG,RIB,-7.351147263602972,-16.755097557989217,78.65781203297041
894,14,14,FOG,RIB,-7.031133741986938,-16.182279099084443,78.66298922766096
895,14,14,FOG,RIB,-6.711120220370904,-15.60946064017967,78.6681664223515
896,14,14,FOG,RIB,-6.39110669875487,-15.036642181274896,78.67334361704205
897,14,14,FOG,RIB,-6.0710931771388355,-14.463823722370122,78.6785208117326
898,14,14,FOG,RIB,-5.751079655522801,-13.891005263465349,78.68369800642314
899,14,14,FOG,RIB,-5.431066133906767,-13.318186804560575,78.68887520111369
900,14,14,FOG,RIB,-5.111052612290733,-12.745368345655802,78.69405239580423
901,14,14,FOG,RIB,-4.7910390906746985,-12.172549886751028,78.69922959049478
902,14,14,FOG,RIB,-4.471025569058664,-11.599731427846255,78.70440678518533
903,14,14,FOG,RIB,-4.15101204744263,-11.026912968941481,78.70958397987587
904,14,14,FOG,RIB,-3.8309985258265957,-10.454094510036708,78.71476117456642
905,14,14,FOG,RIB,-3.5109850042105615,-9.881276051131934,78.71993836925697
906,14,14,FOG,RIB,-3.1909714825945272,-9.30845759222716,78.72511556394751
907,14,14,FOG,RIB,-2.870957960978493,-8.735639133322387,78.73029275863806
908,14,14,FOG,RIB,-2.5509444393624587,-8.162820674417613,78.7354699533286
909,14,14,FOG,RIB,-2.2309309177464245,-7.59000221551284,78.74064714801915
910,14,14,FOG,RIB,-1.9109173961303905,-7.017183756608066,78.7458243427097
911,14,14,FOG,RIB,-1.5909038745143564,-6.444365297703293,78.75100153740024
912,14,14,FOG,RIB,-1.2708903528983224,-5.871546838798519,78.75617873209079
913,14,14,FOG,RIB,-0.9508768312822884,-5.2987283798937455,78.76135592678133
914,14,14,FOG,RIB,-0.6308633096662544,-4.725909920988972,78.76653312147188
915,14,14,FOG,RIB,-0.3108497880502203,-4.153091462084198,78.77171031616243
916,14,14,LAW,RIB,1.2581724280217654,-3.4613559400190637,78.12433062071868
917,14,14,LAW,RIB,1.4686583639006945,-4.010568084898779,77.83343865634394
918,14,14,LAW,RIB,1.6791442997796238,-4.559780229778494,77.5425466919692
919,14,14,LAW,RIB,1.889630235658553,-5.108992374658209,77.25165472759447
920,14,14,LAW,RIB,2.1001161715374823,-5.658204519537924,76.96076276321973
921,14,14,LAW,RIB,2.3106021074164116,-6.207416664417639,76.669870798845
922,14,14,LAW,RIB,2.521088043295341,-6.7566288092973545,76.37897883447026
923,14,14,LAW,RIB,2.73157397917427,-7.30584095417707,76.08808687009552
924,14,14,LAW,RIB,2.9420599150531994,-7.855053099056785,75.79719490572079
925,14,14,LAW,RIB,3.1525458509321287,-8.4042652439365,75.50630294134605
926,14,14,LAW,RIB,3.363031786811058,-8.953477388816214,75.21541097697131
927,14,14,LAW,RIB,3.5735177226899872,-9.502689533695929,74.92451901259658
928,14,14,LAW,RIB,3.7840036585689165,-10.051901678575643,74.63362704822184
929,14,14,LAW,RIB,3.994489594447846,-10.601113823455357,74.3427350838471
930,14,14,LAW,RIB,4.204975530326775,-11.150325968335071,74.05184311947237
931,14,14,LAW,RIB,4.415461466205704,-11.699538113214786,73.76095115509763
932,14,14,LAW,RIB,4.625947402084633,-12.2487502580945,73.47005919072289
933,14,14,LAW,RIB,4.8364333379635625,-12.797962402974214,73.17916722634816
934,14,14,LAW,RIB,5.046919273842492,-13.347174547853928,72.88827526197342
935,14,14,LAW,RIB,5.257405209721421,-13.896386692733643,72.59738329759868
936,14,14,LAW,RIB,5.46789114560035,-14.445598837613357,72.30649133322395
937,14,14,LAW,RIB,5.6783770814792796,-14.994810982493071,72.01559936884921
938,14,14,LAW,RIB,5.888863017358209,-15.544023127372785,71.72470740447447
939,14,14,LAW,RIB,6.099348953237138,-16.0932352722525,71.43381544009974
940,14,14,LAW,RIB,6.309834889116067,-16.642447417132214,71.142923475725
941,14,14,LAW,RIB,6.520320824994997,-17.191659562011928,70.85203151135026
942,14,14,LAW,RIB,6.730806760873926,-17.740871706891642,70.56113954697553
943,14,14,LAW,RIB,6.941292696752855,-18.290083851771357,70.27024758260079
944,14,14,LAW,RIB,7.1517786326317845,-18.83929599665107,69.97935561822605
945,14,14,LAW,RIB,7.362264568510714,-19.388508141530785,69.68846365385131
946,14,14,LAW,RIB,7.572750504389643,-19.9377202864105,69.39757168947658
947,14,14,LAW,RIB,7.783236440268572,-20.486932431290214,69.10667972510184
948,14,14,LAW,RIB,7.993722376147502,-21.036144576169928,68.8157877607271
949,14,14,LAW,RIB,8.20420831202643,-21.585356721049642,68.52489579635237
950,14,14,LAW,RIB,8.41469424790536,-22.134568865929356,68.23400383197763
951,14,14,LAW,RIB,8.625180183784288,-22.68378101080907,67.9431118676029
952,14,14,LAW,RIB,8.835666119663216,-23.232993155688785,67.65221990322816
953,14,14,LAW,RIB,9.046152055542144,-23.7822053005685,67.36132793885342
954,14,14,LAW,RIB,9.256637991421073,-24.331417445448213,67.07043597447868
955,14,14,LAW,RIB,9.467123927300001,-24.880629590327928,66.77954401010395
956,14,14,LAW,RIB,9.67760986317893,-25.429841735207642,66.48865204572921
957,14,14,LAW,RIB,9.888095799057858,-25.979053880087356,66.19776008135447
958,14,14,ERA,LAW,10.351187822101258,-25.369624530170267,65.60267189348207
959,14,14,ERA,LAW,10.406285475702203,-24.718219658131204,65.54617069459707
960,14,14,ERA,LAW,10.46138312930315,-24.06681478609214,65.48966949571206
961,14,14,ERA,LAW,10.516480782904095,-23.41540991405308,65.43316829682706
962,14,14,ERA,LAW,10.57157843650504,-22.764005042014016,65.37666709794206
963,14,14,ERA,LAW,10.626676090105986,-22.112600169974954,65.32016589905706
964,14,14,ERA,LAW,10.681773743706932,-21.46119529793589,65.26366470017206
965,14,14,ERA,LAW,10.736871397307878,-20.80979042589683,65.20716350128706
966,14,14,ERA,LAW,10.791969050908824,-20.158385553857766,65.15066230240205
967,14,14,ERA,LAW,10.84706670450977,-19.506980681818703,65.09416110351705
968,14,14,ERA,LAW,10.902164358110715,-18.85557580977964,65.03765990463205
969,14,14,ERA,LAW,10.957262011711661,-18.204170937740578,64.98115870574705
970,14,14,ERA,LAW,11.012359665312607,-17.552766065701515,64.92465750686205
971,14,14,ERA,LAW,11.067457318913553,-16.901361193662453,64.86815630797705
972,14,14,ERA,LAW,11.122554972514498,-16.24995632162339,64.81165510909204
973,14,14,ERA,LAW,11.177652626115444,-15.598551449584328,64.75515391020704
974,14,14,ERA,LAW,11.23275027971639,-14.947146577545265,64.69865271132204
975,14,14,ERA,LAW,11.287847933317336,-14.295741705506202,64.64215151243704
976,14,14,ERA,LAW,11.342945586918281,-13.64433683346714,64.58565031355204
977,14,14,ERA,LAW,11.398043240519227,-12.992931961428077,64.52914911466704
978,14,14,ERA,LAW,11.453140894120173,-12.341527089389015,64.47264791578203
979,14,14,ERA,LAW,11.508238547721119,-11.690122217349952,64.41614671689703
980,14,14,ERA,LAW,11.563336201322064,-11.03871734531089,64.35964551801203
981,14,14,ERA,LAW,11.61843385492301,-10.387312473271827,64.30314431912703
982,14,14,ERA,LAW,11.673531508523956,-9.735907601232764,64.24664312024203
983,14,14,ERA,LAW,11.728629162124902,-9.084502729193701,64.19014192135703
984,14,14,ERA,LAW,11.783726815725847,-8.433097857154639,64.13364072247202
985,14,14,ERA,LAW,11.838824469326793,-7.781692985115576,64.07713952358702
986,14,14,ERA,LAW,11.893922122927739,-7.130288113076514,64.02063832470202
987,14,14,ERA,LAW,11.949019776528685,-6.478883241037451,63.96413712581702
988,14,14,ERA,LAW,12.00411743012963,-5.8274783689983884,63.907635926932016
989,14,14,ERA,LAW,12.059215083730576,-5.176073496959326,63.851134728047015
990,14,14,ERA,LAW,12.114312737331522,-4.524668624920263,63.79463352916201
991,14,14,ERA,LAW,12.169410390932468,-3.8732637528812,63.73813233027701
992,14,14,ERA,LAW,12.224508044533414,-3.221858880842137,63.68163113139201
993,14,14,ERA,LAW,12.27960569813436,-2.570454008803074,63.62512993250701
994,14,14,ERA,LAW,12.334703351735305,-1.919049136764011,63.568628733622006
995,14,14,ERA,LAW,12.38980100533625,-1.267644264724948,63.512127534737004
996,14,14,ERA,LAW,12.444898658937197,-0.616239392685885,63.455626335852
997,14,14,ERA,LAW,12.499996312538142,0.03516547935317793,63.399125136967
998,14,14,ERA,LAW,12.555093966139088,0.6865703513922409,63.342623938082
999,14,14,ERA,LAW,12.610191619740034,1.3379752234313038,63.286122739197
1000,14,14,ERA,LAW,12.66528927334098,1.9893800954703669,63.229621540311996
1001,14,14,ERA,LAW,12.720386926941925,2.64078496750943,63.173120341426994
1002,14,14,ERA,LAW,12.775484580542871,3.292189839548493,63.11661914254199
1003,14,14,ERA,LAW,12.830582234143817,3.943594711587556,63.06011794365699
1004,14,14,ERA,LAW,12.885679887744763,4.594999583626619,63.00361674477199
1005,14,14,ERA,LAW,12.940777541345708,5.246404455665681,62.94711554588699
1006,14,14,ERA,LAW,12.995875194946654,5.897809327704744,62.890614347001986
1007,14,14,ERA,LAW,13.0509728485476,6.5492141997438065,62.834113148116984
1008,14,14,ERA,LAW,13.106070502148546,7.200619071782869,62.77761194923198
1009,14,14,ERA,LAW,13.161168155749492,7.852023943821932,62.72111075034698
1010,14,14,ERA,LAW,13.216265809350437,8.503428815860994,62.66460955146198
1011,14,14,ERA,LAW,13.271363462951383,9.154833687900057,62.60810835257698
1012,14,14,ERA,LAW,13.326461116552329,9.80623855993912,62.551607153691975
1013,14,14,ERA,LAW,13.381558770153275,10.457643431978182,62.495105954806974
1014,14,14,ERA,LAW,13.43665642375422,11.109048304017245,62.43860475592197
1015,14,14,ERA,LAW,13.491754077355166,11.760453176056307,62.38210355703697
1016,14,14,ERA,LAW,13.546851730956112,12.41185804809537,62.32560235815197
1017,14,14,ERA,LAW,13.601949384557058,13.063262920134433,62.26910115926697
1018,14,14,ERA,LAW,13.657047038158003,13.714667792173495,62.212599960381965
1019,14,14,ERA,GIG,14.630773874000276,13.517144946340643,61.78425950068977
1020,14,14,ERA,GIG,15.021303319568204,13.011945002939182,61.63320913307828
1021,14,14,ERA,GIG,15.411832765136133,12.506745059537721,61.48215876546679
1022,14,14,ERA,GIG,15.80236221070406,12.00154511613626,61.3311083978553
1023,14,14,ERA,GIG,16.19289165627199,11.496345172734799,61.18005803024381
1024,14,14,ERA,GIG,16.583421101839917,10.991145229333338,61.029007662632324
1025,14,14,ERA,GIG,16.973950547407846,10.485945285931876,60.877957295020835
1026,14,14,ERA,GIG,17.364479992975774,9.980745342530415,60.726906927409345
1027,14,14,ERA,GIG,17.755009438543702,9.475545399128954,60.575856559797856
1028,14,14,ERA,GIG,18.14553888411163,8.970345455727493,60.42480619218637
1029,14,14,ERA,GIG,18.53606832967956,8.465145512326032,60.27375582457488
1030,14,14,ERA,GIG,18.926597775247487,7.95994556892457,60.12270545696339
1031,14,14,ERA,GIG,19.317127220815415,7.454745625523108,59.9716550893519
1032,14,14,ERA,GIG,19.707656666383343,6.949545682121646,59.82060472174041
1033,14,14,ERA,GIG,20.09818611195127,6.444345738720184,59.66955435412892
1034,14,14,ERA,GIG,20.4887155575192,5.939145795318722,59.51850398651743
1035,14,14,ERA,GIG,20.879245003087128,5.43394585191726,59.36745361890594
1036,14,14,ERA,GIG,21.269774448655056,4.928745908515798,59.21640325129445
1037,14,14,ERA,GIG,21.660303894222984,4.423545965114336,59.06535288368296
1038,14,14,ERA,GIG,22.050833339790913,3.918346021712874,58.91430251607147
1039,14,14,ERA,GIG,22.44136278535884,3.413146078311412,58.76325214845998
1040,14,14,ERA,GIG,22.83189223092677,2.90794613490995,58.612201780848494
1041,14,14,ERA,GIG,23.222421676494697,2.402746191508488,58.461151413237005
1042,14,14,ERA,GIG,23.612951122062626,1.8975462481070258,58.310101045625515
1043,14,14,ERA,GIG,24.003480567630554,1.3923463047055638,58.159050678014026
1044,14,14,ERA,GIG,24.394010013198482,0.8871463613041017,58.00800031040254
1045,14,14,ERA,GIG,24.78453945876641,0.3819464179026397,57.85694994279105
1046,14,14,ERA,GIG,25.17506890433434,-0.12325352549882229,57.70589957517956
1047,14,14,ERA,GIG,25.565598349902267,-0.6284534689002843,57.55484920756807
1048,14,14,ERA,GIG,25.956127795470195,-1.1336534123017463,57.40379883995658
1049,14,14,ERA,GIG,26.346657241038123,-1.6388533557032083,57.25274847234509
1050,14,14,ERA,GIG,26.73718668660605,-2.1440532991046704,57.1016981047336
1051,14,14,ERA,GIG,27.12771613217398,-2.6492532425061324,56.95064773712211
1052,14,14,ERA,GIG,27.518245577741908,-3.1544531859075944,56.79959736951062
1053,14,14,ERA,GIG,27.908775023309836,-3.6596531293090564,56.64854700189913
1054,14,14,ERA,GIG,28.299304468877764,-4.164853072710518,56.49749663428764
1055,14,14,ERA,GIG,28.689833914445693,-4.67005301611198,56.34644626667615
1056,14,14,ERA,GIG,29.08036336001362,-5.175252959513442,56.195395899064664
1057,14,14,ERA,GIG,29.47089280558155,-5.6804529029149045,56.044345531453175
1058,14,14,ERA,GIG,29.861422251149477,-6.1856528463163665,55.893295163841685
1059,14,14,ERA,GIG,30.251951696717406,-6.6908527897178285,55.742244796230196
1060,14,14,ERA,GIG,30.642481142285334,-7.1960527331192905,55.59119442861871
1061,14,14,ERA,GIG,31.033010587853262,-7.7012526765207525,55.44014406100722
1062,14,14,ERA,GIG,31.42354003342119,-8.206452619922214,55.28909369339573
1063,14,14,ERA,GIG,31.81406947898912,-8.711652563323675,55.13804332578424
1064,14,14,ERA,GIG,32.20459892455705,-9.216852506725136,54.98699295817275
1065,14,14,ERA,GIG,32.595128370124975,-9.722052450126597,54.83594259056126
1066,14,14,ERA,GIG,32.9856578156929,-10.227252393528058,54.68489222294977
1067,14,14,ERA,GIG,33.37618726126083,-10.73245233692952,54.53384185533828
1068,14,14,ERA,GIG,33.76671670682876,-11.23765228033098,54.38279148772679
1069,14,14,ERA,GIG,34.15724615239669,-11.742852223732442,54.2317411201153
1070,14,14,ERA,GIG,34.547775597964616,-12.248052167133903,54.08069075250381
1071,14,14,ERA,GIG,34.938305043532544,-12.753252110535364,53.92964038489232
1072,14,14,ERA,GIG,35.32883448910047,-13.258452053936825,53.778590017280834
1073,14,14,ERA,GIG,35.7193639346684,-13.763651997338286,53.627539649669345
1074,14,14,ERA,GIG,36.10989338023633,-14.268851940739747,53.476489282057855
1075,14,14,ERA,GIG,36.50042282580426,-14.774051884141208,53.325438914446366
1076,14,14,ERA,GIG,36.890952271372186,-15.27925182754267,53.17438854683488
1077,14,14,ERA,GIG,37.281481716940114,-15.78445177094413,53.02333817922339
1078,14,14,ERA,GIG,37.67201116250804,-16.28965171434559,52.8722878116119
1079,14,14,ERA,GIG,38.06254060807597,-16.794851657747053,52.72123744400041
1080,14,14,ERA,GIG,38.4530700536439,-17.300051601148514,52.57018707638892
1081,14,14,ERA,GIG,38.84359949921183,-17.805251544549975,52.41913670877743
1082,14,14,ERA,GIG,39.234128944779755,-18.310451487951436,52.26808634116594
1083,14,14,ERA,GIG,39.62465839034768,-18.815651431352897,52.11703597355445
1084,14,14,ERA,GIG,40.01518783591561,-19.32085137475436,51.96598560594296
1085,14,14,ERA,GIG,40.40571728148354,-19.82605131815582,51.81493523833147
1086,14,14,ERA,GIG,40.79624672705147,-20.33125126155728,51.66388487071998
1087,14,14,ERA,GIG,41.186776172619396,-20.836451204958742,51.51283450310849
1088,14,14,ERA,GIG,41.577305618187324,-21.341651148360203,51.361784135497004
1089,14,14,GIG,LAW,40.604984373789954,-22.04429123554858,51.833325072376915
1090,14,14,GIG,LAW,40.014396333801876,-22.137884946132633,52.10351468836197
1091,14,14,GIG,LAW,39.4238082938138,-22.231478656716686,52.37370430434702
1092,14,14,GIG,LAW,38.83322025382572,-22.325072367300738,52.643893920332076
1093,14,14,GIG,LAW,38.242632213837645,-22.41866607788479,52.91408353631713
1094,14,14,GIG,LAW,37.65204417384957,-22.512259788468842,53.18427315230218
1095,14,14,GIG,LAW,37.06145613386149,-22.605853499052895,53.454462768287236
1096,14,14,GIG,LAW,36.47086809387341,-22.699447209636947,53.72465238427229
1097,14,14,GIG,LAW,35.880280053885336,-22.793040920221,53.99484200025734
1098,14,14,GIG,LAW,35.28969201389726,-22.88663463080505,54.265031616242396
1099,14,14,GIG,LAW,34.69910397390918,-22.980228341389104,54.53522123222745
1100,14,14,GIG,LAW,34.108515933921105,-23.073822051973156,54.8054108482125
1101,14,14,GIG,LAW,33.51792789393303,-23.16741576255721,55.07560046419756
1102,14,14,GIG,LAW,32.92733985394495,-23.26100947314126,55.34579008018261
1103,14,14,GIG,LAW,32.33675181395687,-23.354603183725313,55.61597969616766
1104,14,14,GIG,LAW,31.746163773968796,-23.448196894309365,55.88616931215272
1105,14,14,GIG,LAW,31.15557573398072,-23.541790604893418,56.15635892813777
1106,14,14,GIG,LAW,30.56498769399264,-23.63538431547747,56.426548544122824
1107,14,14,GIG,LAW,29.974399654004564,-23.728978026061522,56.69673816010788
1108,14,14,GIG,LAW,29.383811614016487,-23.822571736645575,56.96692777609293
1109,14,14,GIG,LAW,28.79322357402841,-23.916165447229627,57.237117392077984
1110,14,14,GIG,LAW,28.202635534040333,-24.00975915781368,57.50730700806304
1111,14,14,GIG,LAW,27.612047494052256,-24.10335286839773,57.77749662404809
1112,14,14,GIG,LAW,27.02145945406418,-24.196946578981784,58.047686240033144
1113,14,14,GIG,LAW,26.4308714140761,-24.290540289565836,58.3178758560182
1114,14,14,GIG,LAW,25.840283374088024,-24.38413400014989,58.58806547200325
1115,14,14,GIG,LAW,25.249695334099947,-24.47772771073394,58.858255087988304
1116,14,14,GIG,LAW,24.65910729411187,-24.571321421317993,59.12844470397336
1117,14,14,GIG,LAW,24.068519254123792,-24.664915131902045,59.39863431995841
1118,14,14,GIG,LAW,23.477931214135715,-24.758508842486098,59.668823935943465
1119,14,14,GIG,LAW,22.887343174147638,-24.85210255307015,59.93901355192852
1120,14,14,GIG,LAW,22.29675513415956,-24.945696263654202,60.20920316791357
1121,14,14,GIG,LAW,21.706167094171484,-25.039289974238255,60.479392783898625
1122,14,14,GIG,LAW,21.115579054183407,-25.132883684822307,60.74958239988368
1123,14,14,GIG,LAW,20.52499101419533,-25.22647739540636,61.01977201586873
1124,14,14,GIG,LAW,19.934402974207252,-25.32007110599041,61.289961631853785
1125,14,14,GIG,LAW,19.343814934219175,-25.413664816574464,61.56015124783884
1126,14,14,GIG,LAW,18.753226894231098,-25.507258527158516,61.83034086382389
1127,14,14,GIG,LAW,18.16263885424302,-25.60085223774257,62.100530479808945
1128,14,14,GIG,LAW,17.572050814254943,-25.69444594832662,62.370720095794
1129,14,14,GIG,LAW,16.981462774266866,-25.788039658910673,62.64090971177905
1130,14,14,GIG,LAW,16.39087473427879,-25.881633369494725,62.911099327764106
1131,14,14,GIG,LAW,15.800286694290712,-25.975227080078778,63.18128894374916
1132,14,14,GIG,LAW,15.209698654302635,-26.06882079066283,63.45147855973421
1133,14,14,GIG,LAW,14.619110614314557,-26.162414501246882,63.721668175719266
1134,14,14,GIG,LAW,14.02852257432648,-26.256008211830935,63.99185779170432
1135,14,14,GIG,LAW,13.437934534338403,-26.349601922414987,64.26204740768937
1136,14,14,GIG,LAW,12.847346494350326,-26.44319563299904,64.53223702367441
1137,14,14,GIG,LAW,12.256758454362249,-26.53678934358309,64.80242663965946
1138,14,14,GIG,LAW,11.666170414374172,-26.630383054167144,65.0726162556445
1139,14,14,GIG,LAW,11.075582374386094,-26.723976764751196,65.34280587162955
1140,14,14,EVE,GIG,41.382778514738945,-22.83828827222833,52.167783139743236
1141,14,14,EVE,GIG,41.13243289200302,-23.279212281188435,52.58427987649337
1142,14,14,EVE,GIG,40.88208726926709,-23.72013629014854,53.0007766132435
1143,14,14,EVE,GIG,40.63174164653116,-24.161060299108648,53.417273349993636
1144,14,14,EVE,GIG,40.38139602379523,-24.601984308068754,53.83377008674377
1145,14,14,EVE,GIG,40.131050401059305,-25.04290831702886,54.2502668234939
1146,14,14,EVE,GIG,39.88070477832338,-25.483832325988967,54.666763560244036
1147,14,14,EVE,GIG,39.63035915558745,-25.924756334949073,55.08326029699417
1148,14,14,EVE,GIG,39.38001353285152,-26.36568034390918,55.4997570337443
1149,14,14,EVE,GIG,39.12966791011559,-26.806604352869286,55.916253770494436
1150,14,14,EVE,GIG,38.879322287379665,-27.247528361829392,56.33275050724457
1151,14,14,EVE,GIG,38.62897666464374,-27.6884523707895,56.7492472439947
1152,14,14,EVE,GIG,38.37863104190781,-28.129376379749605,57.165743980744836
1153,14,14,EVE,GIG,38.12828541917188,-28.57030038870971,57.58224071749497
1154,14,14,EVE,GIG,37.87793979643595,-29.011224397669817,57.9987374542451
1155,14,14,EVE,GIG,37.627594173700025,-29.452148406629924,58.415234190995236
1156,14,14,EVE,GIG,37.3772485509641,-29.89307241559003,58.83173092774537
1157,14,14,EVE,GIG,37.12690292822817,-30.333996424550136,59.2482276644955
1158,14,14,EVE,GIG,36.87655730549224,-30.774920433510243,59.664724401245635
1159,14,14,EVE,GIG,36.62621168275631,-31.21584444247035,60.08122113799577
1160,14,14,EVE,GIG,36.375866060020385,-31.656768451430455,60.4977178747459
1161,14,14,EVE,GIG,36.12552043728446,-32.09769246039056,60.914214611496035
1162,14,14,EVE,GIG,35.87517481454853,-32.538616469350664,61.33071134824617
1163,14,14,EVE,GIG,35.6248291918126,-32.97954047831077,61.7472080849963
1164,14,14,EVE,GIG,35.37448356907667,-33.42046448727087,62.163704821746435
1165,14,14,EVE,GIG,35.124137946340745,-33.86138849623097,62.58020155849657
1166,14,14,EVE,GIG,34.87379232360482,-34.302312505191075,62.9966982952467
1167,14,14,EVE,GIG,34.62344670086889,-34.74323651415118,63.413195031996835
1168,14,14,EVE,GIG,34.37310107813296,-35.18416052311128,63.82969176874697
1169,14,14,EVE,GIG,34.122755455397034,-35.625084532071384,64.2461885054971
1170,14,14,EVE,GIG,33.872409832661106,-36.066008541031486,64.66268524224724
1171,14,14,EVE,GIG,33.62206420992518,-36.50693254999159,65.07918197899737
1172,14,14,EVE,GIG,33.37171858718925,-36.94785655895169,65.4956787157475
1173,14,14,EVE,GIG,33.12137296445332,-37.388780567911795,65.91217545249764
1174,14,14,EVE,GIG,32.871027341717394,-37.8297045768719,66.32867218924777
1175,14,14,EVE,GIG,32.620681718981466,-38.270628585832,66.7451689259979
1176,14,14,EVE,GIG,32.37033609624554,-38.7115525947921,67.16166566274804
1177,14,14,EVE,GIG,32.11999047350961,-39.152476603752206,67.57816239949817
1178,14,14,EVE,GIG,31.86964485077368,-39.59340061271231,67.9946591362483
1179,14,14,EVE,GIG,31.619299228037747,-40.03432462167241,68.41115587299844
1180,14,14,EVE,GIG,31.368953605301815,-40.475248630632514,68.82765260974857
1181,14,14,EVE,IRE,31.127070816553516,-39.797612140669905,69.55005227641843
1182,14,14,EVE,IRE,31.22150442699163,-39.148501061573725,69.53291913782049
1183,14,14,EVE,IRE,31.315938037429742,-38.499389982477545,69.51578599922254
1184,14,14,EVE,IRE,31.410371647867855,-37.850278903381366,69.4986528606246
1185,14,14,EVE,IRE,31.504805258305968,-37.201167824285186,69.48151972202666
1186,14,14,EVE,IRE,31.59923886874408,-36.552056745189006,69.46438658342872
1187,14,14,EVE,IRE,31.693672479182194,-35.902945666092826,69.44725344483078
1188,14,14,EVE,IRE,31.788106089620307,-35.253834586996646,69.43012030623284
1189,14,14,EVE,IRE,31.88253970005842,-34.60472350790047,69.4129871676349
1190,14,14,EVE,IRE,31.976973310496533,-33.95561242880429,69.39585402903695
1191,14,14,EVE,IRE,32.07140692093465,-33.30650134970811,69.37872089043901
1192,14,14,EVE,IRE,32.165840531372766,-32.65739027061193,69.36158775184107
1193,14,14,EVE,IRE,32.26027414181088,-32.00827919151575,69.34445461324313
1194,14,14,EVE,IRE,32.354707752249,-31.359168112419567,69.32732147464519
1195,14,14,EVE,IRE,32.449141362687115,-30.710057033323388,69.31018833604725
1196,14,14,EVE,IRE,32.54357497312523,-30.060945954227208,69.2930551974493
1197,14,14,EVE,IRE,32.63800858356335,-29.411834875131028,69.27592205885136
1198,14,14,EVE,IRE,32.732442194001464,-28.762723796034848,69.25878892025342
1199,14,14,EVE,IRE,32.82687580443958,-28.11361271693867,69.24165578165548
1200,14,14,EVE,IRE,32.9213094148777,-27.46450163784249,69.22452264305754
1201,14,14,EVE,IRE,33.015743025315814,-26.81539055874631,69.2073895044596
1202,14,14,EVE,IRE,33.11017663575393,-26.16627947965013,69.19025636586166
1203,14,14,EVE,IRE,33.20461024619205,-25.51716840055395,69.17312322726372
1204,14,14,EVE,IRE,33.29904385663016,-24.86805732145777,69.15599008866577
1205,14,14,EVE,IRE,33.39347746706828,-24.21894624236159,69.13885695006783
1206,14,14,EVE,IRE,33.487911077506396,-23.56983516326541,69.12172381146989
1207,14,14,EVE,IRE,33.58234468794451,-22.92072408416923,69.10459067287195
1208,14,14,EVE,IRE,33.67677829838263,-22.27161300507305,69.08745753427401
1209,14,14,EVE,IRE,33.771211908820746,-21.62250192597687,69.07032439567607
1210,14,14,EVE,IRE,33.86564551925886,-20.97339084688069,69.05319125707813
1211,14,14,EVE,IRE,33.96007912969698,-20.32427976778451,69.03605811848018
1212,14,14,EVE,IRE,34.054512740135095,-19.67516868868833,69.01892497988224
1213,14,14,EVE,IRE,34.14894635057321,-19.02605760959215,69.0017918412843
1214,14,14,EVE,IRE,34.24337996101133,-18.37694653049597,68.98465870268636
1215,14,14,EVE,IRE,34.337813571449445,-17.72783545139979,68.96752556408842
1216,14,14,EVE,IRE,34.43224718188756,-17.07872437230361,68.95039242549048
1217,14,14,EVE,IRE,34.52668079232568,-16.42961329320743,68.93325928689254
1218,14,14,EVE,IRE,34.621114402763794,-15.780502214111252,68.9161261482946
1219,14,14,EVE,IRE,34.71554801320191,-15.131391135015072,68.89899300969665
1220,14,14,EVE,IRE,34.80998162364003,-14.482280055918892,68.88185987109871
1221,14,14,EVE,IRE,34.904415234078144,-13.833168976822712,68.86472673250077
1222,14,14,EVE,IRE,34.99884884451626,-13.184057897726532,68.84759359390283
1223,14,14,EVE,IRE,35.09328245495438,-12.534946818630353,68.83046045530489
1224,14,14,EVE,IRE,35.18771606539249,-11.885835739534173,68.81332731670695
1225,14,14,EVE,IRE,35.28214967583061,-11.236724660437993,68.796194178109
1226,14,14,EVE,IRE,35.376583286268726,-10.587613581341813,68.77906103951106
1227,14,14,EVE,IRE,35.47101689670684,-9.938502502245633,68.76192790091312
1228,14,14,EVE,IRE,35.56545050714496,-9.289391423149453,68.74479476231518
1229,14,14,EVE,IRE,35.659884117583076,-8.640280344053274,68.72766162371724
1230,14,14,EVE,IRE,35.75431772802119,-7.991169264957094,68.7105284851193
1231,14,14,EVE,IRE,35.84875133845931,-7.342058185860914,68.69339534652136
1232,14,14,EVE,IRE,35.943184948897425,-6.692947106764734,68.67626220792341
1233,14,14,EVE,IRE,36.03761855933554,-6.043836027668554,68.65912906932547
1234,14,14,EVE,IRE,36.13205216977366,-5.3947249485723745,68.64199593072753
1235,14,14,EVE,IRE,36.226485780211775,-4.745613869476195,68.62486279212959
1236,14,14,EVE,IRE,36.32091939064989,-4.096502790380015,68.60772965353165
