0,0,0.0,0.0,0.0
1,0,-0.336613420726664,0.5548245580758753,0.09704410835595922
2,0,-0.673226841453328,1.109649116151747,0.19408821671191845
3,0,-1.0098402621799991,1.6644736742276223,0.2911323250678919
4,0,-1.3464536829066631,2.2192982323034975,0.3881764334238511
5,0,-1.6830671036333271,2.774122790379373,0.48522054177981033
6,0,-2.019680524359991,3.3289473484552445,0.5822646501357696
7,0,-2.356293945086655,3.88377190653112,0.6793087584917288
8,0,-2.6929073658133262,4.438596464606995,0.7763528668477022
9,0,-3.0295207865399902,4.993421022682867,0.8733969752036614
10,0,-3.3661342072666542,5.548245580758742,0.9704410835596207
11,0,-3.7027476279933182,6.103070138834617,1.06748519191558
12,0,-4.039361048719989,6.657894696910489,1.1645293002715391
13,0,-4.375974469446653,7.212719254986364,1.2615734086274983
14,0,-4.712587890173317,7.76754381306224,1.3586175169834718
15,0,-5.049201310899981,8.322368371138113,1.455661625339431
16,0,-5.385814731626645,8.877192929213988,1.5527057336953902
17,0,-5.7224281523533165,9.432017487289862,1.6497498420513494
18,0,-6.0590415730799805,9.986842045365737,1.7467939504073087
19,0,-6.3956549938066445,10.541666603441609,1.843838058763282
20,0,-6.7322684145333085,11.096491161517484,1.9408821671192413
21,0,-7.06888183525998,11.65131571959336,2.0379262754752006
22,0,-7.405495255986644,12.206140277669235,2.13497038383116
23,0,-7.742108676713308,12.760964835745108,2.232014492187119
24,0,-8.078722097439972,13.31578939382098,2.3290586005430924
25,0,-8.415335518166636,13.870613951896855,2.4261027088990517
26,0,-8.751948938893307,14.42543850997273,2.523146817255011
27,0,-9.08856235961997,14.980263068048604,2.62019092561097
28,0,-9.425175780346635,15.53508762612448,2.7172350339669293
29,0,-9.761789201073299,16.089912184200355,2.8142791423228886
30,0,-10.09840262179997,16.644736742276226,2.911323250678862
31,0,-10.435016042526634,17.199561300352098,3.008367359034821
32,0,-10.771629463253298,17.754385858427977,3.1054114673907804
33,0,-11.108242883979962,18.309210416503852,3.2024555757467397
34,0,-11.444856304706626,18.864034974579724,3.299499684102699
35,0,-11.78146972543329,19.4188595326556,3.3965437924586723
36,0,-12.118083146159961,19.973684090731474,3.4935879008146316
37,0,-12.454696566886625,20.52850864880735,3.5906320091705908
38,0,-12.791309987613289,21.083333206883218,3.68767611752655
39,0,-13.12792340833996,21.638157764959093,3.7847202258825092
40,0,-13.464536829066624,22.19298232303497,3.8817643342384827
41,0,-13.801150249793288,22.747806881110844,3.978808442594442
42,0,-14.137763670519952,23.30263143918672,4.075852550950401
43,0,-14.474377091246616,23.857455997262594,4.17289665930636
44,0,-14.81099051197328,24.41228055533847,4.26994076766232
45,0,-15.147603932699944,24.96710511341434,4.366984876018279
46,0,-15.484217353426615,25.521929671490216,4.464028984374252
47,0,-15.82083077415328,26.076754229566088,4.561073092730211
48,0,-16.157444194879943,26.63157878764196,4.658117201086171
49,0,-16.494057615606614,27.18640334571784,4.75516130944213
50,0,-16.83067103633328,27.74122790379371,4.852205417798089
51,0,-17.167284457059942,28.296052461869586,4.9492495261540626
52,0,-17.503897877786606,28.85087701994546,5.046293634510022
53,0,-17.84051129851327,29.405701578021336,5.143337742865981
54,0,-18.177124719239934,29.960526136097208,5.24038185122194
55,0,-18.5137381399666,30.51535069417308,5.3374259595778994
56,0,-18.85035156069327,31.07017525224896,5.434470067933873
57,0,-19.186964981419937,31.62499981032483,5.531514176289832
58,0,-19.5235784021466,32.17982436840071,5.628558284645791
59,0,-19.86019182287327,32.73464892647658,5.725602393001751
60,0,-20.196805243599933,33.28947348455245,5.82264650135771
61,0,-20.533418664326597,33.844298042628324,5.919690609713669
62,0,-20.5834,33.926680000000005,5.934100000000001
63,0,-20.647930799226874,33.371463480529094,6.277795849090083
64,0,-20.712461598453746,32.816246961058184,6.621491698180165
65,0,-20.77699239768062,32.26103044158727,6.965187547270233
66,0,-20.84152319690749,31.705813922116363,7.308883396360315
67,0,-20.906053996134364,31.150597402645456,7.652579245450397
68,0,-20.970584795361237,30.59538088317455,7.996275094540479
69,0,-21.03511559458811,30.04016436370364,8.339970943630561
70,0,-21.099646393814982,29.484947844232728,8.68366679272063
71,0,-21.164177193041855,28.929731324761818,9.027362641810711
72,0,-21.22870799226873,28.37451480529091,9.371058490900793
73,0,-21.293238791495604,27.81929828582,9.714754339990876
74,0,-21.357769590722476,27.264081766349094,10.058450189080958
75,0,-21.42230038994935,26.708865246878183,10.40214603817104
76,0,-21.486831189176222,26.153648727407273,10.745841887261108
77,0,-21.551361988403094,25.598432207936362,11.08953773635119
78,0,-21.615892787629967,25.04321568846546,11.433233585441272
79,0,-21.68042358685684,24.48799916899455,11.776929434531354
80,0,-21.744954386083712,23.932782649523638,12.120625283621436
81,0,-21.809485185310585,23.37756613005273,12.464321132711504
82,0,-21.874015984537458,22.82234961058182,12.808016981801586
83,0,-21.93854678376433,22.267133091110914,13.151712830891668
84,0,-22.003077582991203,21.711916571640003,13.49540867998175
85,0,-22.067608382218076,21.156700052169093,13.839104529071832
86,0,-22.13213918144495,20.601483532698186,14.1828003781619
87,0,-22.19666998067182,20.046267013227276,14.526496227251982
88,0,-22.261200779898694,19.491050493756365,14.870192076342065
89,0,-22.325731579125566,18.93583397428546,15.213887925432147
90,0,-22.39026237835244,18.380617454814548,15.557583774522229
91,0,-22.45479317757931,17.825400935343637,15.901279623612297
92,0,-22.519323976806184,17.270184415872727,16.24497547270238
93,0,-22.583854776033057,16.714967896401824,16.58867132179246
94,0,-22.64838557525993,16.159751376930913,16.932367170882543
95,0,-22.712916374486806,15.604534857460003,17.276063019972625
96,0,-22.77744717371368,15.049318337989096,17.619758869062693
97,0,-22.84197797294055,14.494101818518185,17.963454718152775
98,0,-22.906508772167424,13.938885299047275,18.307150567242857
99,0,-22.971039571394297,13.383668779576368,18.65084641633294
100,0,-23.03557037062117,12.828452260105461,18.99454226542302
101,0,-23.100101169848042,12.27323574063455,19.338238114513103
102,0,-23.164631969074915,11.71801922116364,19.681933963603186
103,0,-23.229162768301787,11.162802701692733,20.025629812693253
104,0,-23.29369356752866,10.607586182221823,20.369325661783336
105,0,-23.358224366755532,10.052369662750912,20.713021510873418
106,0,-23.422755165982405,9.497153143280002,21.0567173599635
107,0,-23.487285965209278,8.941936623809095,21.400413209053568
108,0,-23.568300000000004,8.244900000000001,21.831900000000005
109,0,-24.125343238823177,8.591641271254884,21.83735574137374
110,0,-24.68238647764635,8.93838254250977,21.842811482747493
111,0,-25.239429716469523,9.285123813764653,21.84826722412123
112,0,-25.796472955292693,9.631865085019536,21.85372296549498
113,0,-26.353516194115866,9.97860635627442,21.859178706868718
114,0,-26.91055943293904,10.325347627529304,21.86463444824247
115,0,-27.46760267176221,10.672088898784187,21.870090189616207
116,0,-28.024645910585384,11.01883017003907,21.875545930989958
117,0,-28.581689149408554,11.365571441293955,21.881001672363695
118,0,-29.138732388231727,11.712312712548838,21.886457413737446
119,0,-29.6957756270549,12.059053983803722,21.891913155111183
120,0,-30.252818865878073,12.405795255058607,21.897368896484934
121,0,-30.809862104701246,12.752536526313492,21.90282463785867
122,0,-31.36690534352442,13.099277797568373,21.908280379232423
123,0,-31.92394858234759,13.446019068823258,21.91373612060616
124,0,-32.48099182117076,13.792760340078141,21.91919186197991
125,0,-33.03803505999393,14.139501611333024,21.924647603353648
126,0,-33.59507829881711,14.48624288258791,21.930103344727385
127,0,-34.152121537640284,14.832984153842792,21.935559086101136
128,0,-34.70916477646345,15.179725425097676,21.941014827474874
129,0,-35.26620801528662,15.52646669635256,21.946470568848625
130,0,-35.8232512541098,15.873207967607444,21.951926310222362
131,0,-36.38029449293297,16.219949238862327,21.957382051596113
132,0,-36.937337731756145,16.566690510117212,21.96283779296985
133,0,-37.494380970579314,16.913431781372097,21.9682935343436
134,0,-38.051424209402484,17.260173052626982,21.97374927571734
135,0,-38.60846744822565,17.606914323881863,21.97920501709109
136,0,-39.16551068704883,17.953655595136745,21.984660758464827
137,0,-39.722553925872006,18.30039686639163,21.990116499838578
138,0,-40.279597164695176,18.647138137646515,21.995572241212315
139,0,-40.836640403518345,18.9938794089014,22.001027982586066
140,0,-41.393683642341514,19.34062068015628,22.006483723959803
141,0,-41.9507268811647,19.687361951411166,22.011939465333555
142,0,-42.50777011998787,20.034103222666047,22.017395206707292
143,0,-43.06481335881104,20.380844493920932,22.02285094808103
144,0,-43.621856597634206,20.727585765175817,22.02830668945478
145,0,-44.17889983645738,21.074327036430702,22.033762430828517
146,0,-44.73594307528056,21.421068307685584,22.03921817220227
147,0,-45.29298631410373,21.76780957894047,22.044673913576005
148,0,-45.8500295529269,22.11455085019535,22.050129654949757
149,0,-46.40707279175007,22.461292121450235,22.055585396323494
150,0,-46.964116030573244,22.80803339270512,22.061041137697245
151,0,-47.52115926939642,23.154774663960005,22.066496879070982
152,0,-48.07820250821959,23.501515935214886,22.071952620444733
153,0,-48.542500000000004,23.790526000000003,22.07650000000001
154,0,-48.903900111099134,24.083907266691618,21.614035043191436
155,0,-49.265300222198256,24.377288533383236,21.151570086382847
156,0,-49.626700333297386,24.67066980007485,20.689105129574273
157,0,-49.988100444396515,24.96405106676647,20.2266401727657
158,0,-50.349500555495645,25.257432333458087,19.764175215957124
159,0,-50.71090066659477,25.550813600149702,19.301710259148535
160,0,-51.0723007776939,25.84419486684132,18.83924530233996
161,0,-51.43370088879303,26.13757613353294,18.376780345531387
162,0,-51.795100999892156,26.430957400224553,17.914315388722798
163,0,-52.15650111099128,26.72433866691617,17.451850431914224
164,0,-52.51790122209041,27.01771993360779,16.98938547510565
165,0,-52.87930133318954,27.311101200299404,16.526920518297075
166,0,-53.24070144428867,27.604482466991023,16.064455561488487
167,0,-53.60210155538779,27.89786373368264,15.601990604679912
168,0,-53.96350166648692,28.191245000374256,15.139525647871338
169,0,-54.32490177758605,28.484626267065874,14.67706069106275
170,0,-54.68630188868518,28.77800753375749,14.214595734254175
171,0,-55.04770199978431,29.071388800449107,13.7521307774456
172,0,-55.40910211088343,29.364770067140725,13.289665820637012
173,0,-55.77050222198256,29.65815133383234,12.827200863828438
174,0,-56.13190233308168,29.951532600523958,12.364735907019863
175,0,-56.49330244418081,30.244913867215576,11.902270950211289
176,0,-56.85470255527994,30.53829513390719,11.4398059934027
177,0,-57.21610266637907,30.83167640059881,10.977341036594126
178,0,-57.5775027774782,31.125057667290427,10.514876079785552
179,0,-57.93890288857733,31.418438933982042,10.052411122976977
180,0,-58.300302999676454,31.711820200673657,9.589946166168389
181,0,-58.66170311077558,32.005201467365275,9.127481209359814
182,0,-59.02310322187471,32.29858273405689,8.66501625255124
183,0,-59.384503332973836,32.59196400074851,8.202551295742651
184,0,-59.745903444072965,32.88534526744013,7.740086338934077
185,0,-60.107303555172095,33.17872653413174,7.277621382125503
186,0,-60.468703666271225,33.472107800823366,6.815156425316914
187,0,-60.83010377737035,33.76548906751498,6.35269146850834
188,0,-61.19150388846948,34.058870334206595,5.890226511699765
189,0,-61.552903999568606,34.352251600898214,5.427761554891177
190,0,-61.914304110667736,34.64563286758983,4.9652965980826025
191,0,-62.27570422176686,34.93901413428145,4.502831641274028
192,0,-62.63710433286599,35.23239540097306,4.040366684465454
193,0,-62.99850444396512,35.52577666766468,3.5779017276568794
194,0,-63.35990455506425,35.8191579343563,3.115436770848291
195,0,-63.72130466616337,36.112539201047916,2.6529718140397165
196,0,-64.0827047772625,36.405920467739534,2.190506857231142
197,0,-64.44410488836164,36.699301734431145,1.7280419004225536
198,0,-64.80550499946075,36.992683001122764,1.2655769436139792
199,0,-65.16690511055988,37.28606426781438,0.8031119868054049
200,0,-65.5689,37.6124,0.28870000000000573
201,0,-64.91997936965227,37.55923309631581,0.3701354964725425
202,0,-64.27105873930452,37.506066192631614,0.4515709929450651
203,0,-63.62213810895678,37.45289928894742,0.5330064894176019
204,0,-62.973217478609044,37.39973238526323,0.6144419858901387
205,0,-62.324296848261305,37.346565481579034,0.6958774823626754
206,0,-61.675376217913566,37.29339857789484,0.777312978835198
207,0,-61.02645558756582,37.24023167421065,0.8587484753077348
208,0,-60.37753495721809,37.187064770526455,0.9401839717802716
209,0,-59.72861432687034,37.13389786684226,1.0216194682528084
210,0,-59.07969369652261,37.08073096315807,1.103054964725331
211,0,-58.430773066174865,37.027564059473875,1.1844904611978677
212,0,-57.781852435827126,36.97439715578968,1.2659259576704045
213,0,-57.13293180547939,36.92123025210549,1.347361454142927
214,0,-56.48401117513165,36.868063348421295,1.4287969506154639
215,0,-55.83509054478391,36.8148964447371,1.5102324470880006
216,0,-55.186169914436164,36.76172954105291,1.5916679435605374
217,0,-54.53724928408843,36.708562637368715,1.67310344003306
218,0,-53.888328653740686,36.65539573368453,1.7545389365055968
219,0,-53.23940802339295,36.60222883000033,1.8359744329781336
220,0,-52.59048739304521,36.54906192631614,1.9174099294506561
221,0,-51.94156676269747,36.49589502263194,1.998845425923193
222,0,-51.29264613234973,36.442728118947755,2.0802809223957297
223,0,-50.64372550200199,36.389561215263555,2.1617164188682665
224,0,-49.99480487165425,36.33639431157937,2.243151915340789
225,0,-49.34588424130651,36.28322740789517,2.324587411813326
226,0,-48.696963610958775,36.23006050421098,2.4060229082858626
227,0,-48.04804298061103,36.17689360052678,2.487458404758385
228,0,-47.39912235026329,36.123726696842596,2.568893901230922
229,0,-46.75020171991555,36.070559793158395,2.6503293977034588
230,0,-46.10128108956781,36.01739288947421,2.7317648941759956
231,0,-45.452360459220074,35.964225985790016,2.813200390648518
232,0,-44.80343982887233,35.91105908210582,2.894635887121055
233,0,-44.154519198524596,35.85789217842163,2.9760713835935917
234,0,-43.50559856817686,35.804725274737436,3.0575068800661285
235,0,-42.85667793782911,35.75155837105324,3.138942376538651
236,0,-42.20775730748137,35.69839146736905,3.220377873011188
237,0,-41.558836677133634,35.645224563684856,3.3018133694837246
238,0,-40.909916046785895,35.59205766000066,3.383248865956247
239,0,-40.260995416438156,35.53889075631647,3.464684362428784
240,0,-39.61207478609042,35.485723852632276,3.5461198589013208
241,0,-38.96315415574268,35.43255694894808,3.6275553553738575
242,0,-38.31423352539494,35.37939004526389,3.70899085184638
243,0,-37.665312895047194,35.326223141579696,3.790426348318917
244,0,-37.016392264699455,35.2730562378955,3.8718618447914537
245,0,-36.36747163435172,35.21988933421131,3.9532973412639905
246,0,-35.71855100400398,35.166722430527116,4.034732837736513
247,0,-35.06963037365624,35.11355552684292,4.11616833420905
248,0,-34.4207097433085,35.06038862315873,4.197603830681587
249,0,-33.77178911296076,35.007221719474536,4.279039327154109
250,0,-33.122868482613015,34.95405481579034,4.360474823626646
251,0,-32.47394785226528,34.90088791210615,4.441910320099183
252,0,-31.82502722191754,34.847721008421956,4.5233458165717195
253,0,-31.176106591569802,34.79455410473776,4.604781313044242
254,0,-30.527185961222063,34.74138720105357,4.686216809516779
255,0,-29.878265330874324,34.68822029736938,4.767652305989316
256,0,-29.22934470052658,34.63505339368518,4.849087802461838
257,0,-28.58042407017884,34.58188649000099,4.930523298934375
258,0,-27.9315034398311,34.5287195863168,5.011958795406912
259,0,-27.282582809483362,34.4755526826326,5.093394291879449
260,0,-26.633662179135623,34.42238577894841,5.174829788351971
261,0,-25.984741548787884,34.369218875264224,5.256265284824508
262,0,-25.335820918440145,34.31605197158002,5.337700781297045
263,0,-24.686900288092406,34.26288506789584,5.419136277769567
264,0,-24.03797965774466,34.20971816421164,5.500571774242104
265,0,-23.38905902739692,34.15655126052745,5.582007270714641
266,0,-22.740138397049183,34.10338435684325,5.663442767187178
267,0,-22.091217766701444,34.050217453159064,5.7448782636597
268,0,-21.442297136353712,33.997050549474864,5.826313760132237
269,0,-20.5834,33.926680000000005,5.934100000000001
270,0,-21.03436739686354,34.38688231115171,6.058191434034555
271,0,-21.485334793727084,34.84708462230341,6.182282868069095
272,0,-21.936302190590624,35.30728693345512,6.306374302103649
273,0,-22.387269587454167,35.76748924460682,6.4304657361381885
274,0,-22.83823698431771,36.227691555758526,6.5545571701727425
275,0,-23.28920438118125,36.68789386691023,6.678648604207297
276,0,-23.74017177804479,37.148096178061934,6.802740038241836
277,0,-24.191139174908333,37.60829848921364,6.92683147227639
278,0,-24.642106571771876,38.06850080036534,7.05092290631093
279,0,-25.093073968635416,38.528703111517046,7.175014340345484
280,0,-25.544041365498956,38.98890542266875,7.299105774380038
281,0,-25.9950087623625,39.449107733820455,7.423197208414578
282,0,-26.445976159226042,39.90931004497216,7.547288642449132
283,0,-26.89694355608958,40.36951235612386,7.671380076483672
284,0,-27.347910952953125,40.82971466727557,7.795471510518226
285,0,-27.798878349816665,41.28991697842727,7.91956294455278
286,0,-28.249845746680204,41.750119289578976,8.04365437858732
287,0,-28.700813143543748,42.21032160073069,8.167745812621874
288,0,-29.151780540407287,42.67052391188239,8.291837246656414
289,0,-29.60274793727083,43.130726223034095,8.415928680690968
290,0,-30.05371533413437,43.5909285341858,8.540020114725522
291,0,-30.504682730997914,44.051130845337504,8.664111548760062
292,0,-30.955650127861453,44.51133315648921,8.788202982794616
293,0,-31.406617524724993,44.97153546764091,8.912294416829155
294,0,-31.85758492158854,45.431737778792616,9.03638585086371
295,0,-32.30855231845208,45.89194008994432,9.160477284898263
296,0,-32.75951971531562,46.352142401096025,9.284568718932803
297,0,-33.21048711217916,46.81234471224773,9.408660152967357
298,0,-33.661454509042706,47.27254702339944,9.532751587001897
299,0,-34.112421905906245,47.732749334551144,9.656843021036451
300,0,-34.563389302769785,48.19295164570285,9.780934455071005
301,0,-35.014356699633325,48.65315395685455,9.905025889105545
302,0,-35.46532409649687,49.11335626800626,10.029117323140099
303,0,-35.91629149336041,49.57355857915796,10.153208757174639
304,0,-36.36725889022395,50.033760890309665,10.277300191209193
305,0,-36.8182262870875,50.49396320146137,10.401391625243747
306,0,-37.26919368395104,50.95416551261307,10.525483059278287
307,0,-37.72016108081458,51.41436782376478,10.64957449331284
308,0,-38.17112847767812,51.87457013491648,10.77366592734738
309,0,-38.62209587454166,52.334772446068186,10.897757361381935
310,0,-39.0730632714052,52.79497475721989,11.021848795416489
311,0,-39.524030668268736,53.255177068371594,11.145940229451028
312,0,-39.97499806513228,53.7153793795233,11.270031663485582
313,0,-40.42596546199583,54.175581690675,11.394123097520136
314,0,-40.87693285885936,54.63578400182671,11.518214531554676
315,0,-41.32790025572291,55.09598631297841,11.64230596558923
316,0,-41.778867652586456,55.556188624130115,11.76639739962377
317,0,-42.22983504944999,56.01639093528182,11.890488833658324
318,0,-42.680802446313535,56.476593246433524,12.014580267692864
319,0,-43.131769843177075,56.93679555758523,12.138671701727418
320,0,-43.582737240040615,57.39699786873694,12.262763135761972
321,0,-44.03370463690416,57.85720017988864,12.386854569796512
322,0,-44.4846720337677,58.317402491040355,12.510946003831066
323,0,-44.93563943063124,58.77760480219205,12.63503743786562
324,0,-45.38660682749478,59.237807113343756,12.75912887190016
325,0,-45.83757422435832,59.69800942449546,12.883220305934714
326,0,-46.28854162122187,60.15821173564717,13.007311739969253
327,0,-46.73950901808541,60.618414046798875,13.131403174003808
328,0,-47.19047641494895,61.07861635795058,13.255494608038362
329,1,0.0,0.0,0.0
330,1,-0.46626429220836485,0.16311326921452718,0.43191216171992153
331,1,-0.9325285844167297,0.32622653842905436,0.8638243234398573
332,1,-1.3987928766250946,0.48933980764358154,1.295736485159793
333,1,-1.8650571688334594,0.6524530768581087,1.7276486468797145
334,1,-2.3313214610418243,0.8155663460726359,2.159560808599636
335,1,-2.797585753250189,0.9786796152871631,2.591472970319572
336,1,-3.263850045458554,1.1417928845016903,3.0233851320395075
337,1,-3.730114337666919,1.3049061537162174,3.455297293759429
338,1,-4.196378629875284,1.4680194229307446,3.887209455479365
339,1,-4.6626429220836485,1.6311326921452718,4.319121617199286
340,1,-5.128907214292013,1.794245961359799,4.751033778919222
341,1,-5.595171506500371,1.9573592305743261,5.182945940639144
342,1,-6.061435798708736,2.120472499788857,5.614858102359079
343,1,-6.527700090917101,2.283585769003384,6.046770264079001
344,1,-6.993964383125466,2.4466990382179112,6.478682425798937
345,1,-7.4602286753338305,2.6098123074324384,6.910594587518858
346,1,-7.926492967542195,2.7729255766469656,7.34250674923878
347,1,-8.39275725975056,2.9360388458614928,7.774418910958715
348,1,-8.859021551958925,3.09915211507602,8.206331072678651
349,1,-9.32528584416729,3.262265384290547,8.638243234398573
350,1,-9.791550136375655,3.4253786535050743,9.070155396118494
351,1,-10.25781442858402,3.5884919227196015,9.50206755783843
352,1,-10.724078720792384,3.7516051919341287,9.933979719558366
353,1,-11.19034301300075,3.914718461148656,10.365891881278287
354,1,-11.656607305209114,4.077831730363183,10.797804042998223
355,1,-12.122871597417479,4.24094499957771,11.229716204718144
356,1,-12.589135889625844,4.404058268792237,11.66162836643808
357,1,-13.055400181834209,4.567171538006768,12.093540528158002
358,1,-13.521664474042574,4.730284807221292,12.525452689877937
359,1,-13.987928766250938,4.8933980764358225,12.957364851597859
360,1,-14.454193058459303,5.05651134565035,13.389277013317795
361,1,-14.920457350667668,5.219624614864877,13.821189175037716
362,1,-15.386721642876033,5.382737884079404,14.253101336757652
363,1,-15.852985935084398,5.545851153293931,14.685013498477574
364,1,-16.319250227292763,5.708964422508458,15.11692566019751
365,1,-16.785514519501127,5.8720776917229855,15.54883782191743
366,1,-17.251778811709492,6.035190960937513,15.980749983637367
367,1,-17.718043103917857,6.19830423015204,16.412662145357288
368,1,-18.184307396126222,6.361417499366567,16.844574307077224
369,1,-18.650571688334587,6.524530768581094,17.276486468797145
370,1,-19.116835980542945,6.687644037795621,17.708398630517067
371,1,-19.583100272751313,6.850757307010149,18.140310792237003
372,1,-20.049364564959674,7.013870576224676,18.57222295395694
373,1,-20.515628857168043,7.176983845439203,19.00413511567686
374,1,-20.981893149376404,7.34009711465373,19.43604727739678
375,1,-21.44815744158477,7.503210383868257,19.867959439116717
376,1,-21.914421733793134,7.6663236530827845,20.299871600836653
377,1,-22.3806860260015,7.829436922297312,20.731783762556574
378,1,-22.846950318209863,7.992550191511839,21.163695924276496
379,1,-23.568300000000004,8.244900000000001,21.831900000000005
380,1,-22.95433625244927,8.448452418223445,21.721576049958102
381,1,-22.34037250489854,8.652004836446888,21.6112520999162
382,1,-21.726408757347805,8.855557254670332,21.500928149874298
383,1,-21.11244500979707,9.059109672893776,21.390604199832396
384,1,-20.49848126224634,9.26266209111722,21.280280249790493
385,1,-19.884517514695606,9.466214509340663,21.16995629974859
386,1,-19.270553767144875,9.669766927564106,21.05963234970669
387,1,-18.65659001959414,9.87331934578755,20.949308399664787
388,1,-18.042626272043407,10.076871764010994,20.838984449622885
389,1,-17.428662524492673,10.280424182234437,20.728660499580982
390,1,-16.814698776941945,10.483976600457883,20.61833654953908
391,1,-16.20073502939121,10.687529018681325,20.508012599497178
392,1,-15.586771281840477,10.89108143690477,20.397688649455276
393,1,-14.972807534289743,11.094633855128212,20.287364699413374
394,1,-14.358843786739008,11.298186273351657,20.17704074937147
395,1,-13.744880039188281,11.5017386915751,20.06671679932957
396,1,-13.130916291637547,11.705291109798544,19.956392849287667
397,1,-12.516952544086813,11.908843528021988,19.846068899245765
398,1,-11.902988796536079,12.112395946245432,19.735744949203863
399,1,-11.289025048985344,12.315948364468875,19.62542099916196
400,1,-10.67506130143461,12.519500782692319,19.515097049120058
401,1,-10.061097553883876,12.723053200915762,19.404773099078156
402,1,-9.447133806333149,12.926605619139206,19.294449149036254
403,1,-8.833170058782414,13.13015803736265,19.18412519899435
404,1,-8.21920631123168,13.333710455586093,19.07380124895245
405,1,-7.605242563680946,13.537262873809539,18.963477298910547
406,1,-6.991278816130219,13.74081529203298,18.853153348868645
407,1,-6.377315068579485,13.944367710256424,18.742829398826743
408,1,-5.76335132102875,14.147920128479868,18.63250544878484
409,1,-5.149387573478016,14.351472546703313,18.52218149874294
410,1,-4.535423825927289,14.555024964926755,18.411857548701036
411,1,-3.9214600783765476,14.7585773831502,18.301533598659134
412,1,-3.3074963308258205,14.962129801373644,18.19120964861723
413,1,-2.6935325832750863,15.165682219597088,18.08088569857533
414,1,-2.079568835724352,15.36923463782053,17.970561748533427
415,1,-1.4656050881736178,15.572787056043975,17.860237798491525
416,1,-0.8516413406228835,15.776339474267418,17.749913848449623
417,1,-0.2376775930721564,15.979891892490862,17.63958989840772
418,1,0.37628615447857783,16.183444310714307,17.52926594836582
419,1,0.9902499020293121,16.38699672893775,17.418941998323916
420,1,1.6042136495800463,16.59054914716119,17.308618048282014
421,1,2.2181773971307805,16.794101565384636,17.198294098240112
422,1,2.8321411446815077,16.99765398360808,17.08797014819821
423,1,3.446104892232249,17.201206401831524,16.977646198156307
424,1,4.060068639782976,17.404758820054965,16.867322248114405
425,1,4.67403238733371,17.60831123827841,16.756998298072503
426,1,5.287996134884445,17.811863656501856,16.6466743480306
427,1,5.901959882435172,18.015416074725298,16.5363503979887
428,1,6.515923629985906,18.21896849294874,16.426026447946796
429,1,7.12988737753664,18.422520911172185,16.315702497904894
430,1,7.743851125087382,18.62607332939563,16.205378547862992
431,1,8.357814872638109,18.829625747619076,16.09505459782109
432,1,8.971778620188836,19.03317816584252,15.984730647779188
433,1,9.585742367739563,19.23673058406596,15.874406697737285
434,1,10.199706115290304,19.440283002289405,15.764082747695383
435,1,10.813669862841046,19.643835420512847,15.65375879765348
436,1,11.427633610391773,19.847387838736292,15.543434847611579
437,1,12.0415973579425,20.050940256959734,15.433110897569676
438,1,12.655561105493241,20.25449267518318,15.322786947527774
439,1,13.269524853043968,20.458045093406625,15.212462997485872
440,1,13.883488600594696,20.661597511630067,15.10213904744397
441,1,14.497452348145437,20.86514992985351,14.991815097402068
442,1,15.111416095696164,21.068702348076954,14.881491147360165
443,1,15.725379843246905,21.2722547663004,14.771167197318263
444,1,16.21269999999999,21.43382,14.683599999999998
445,1,15.606541659086226,21.639620378052783,14.539465637830503
446,1,15.00038331817246,21.84542075610556,14.395331275661007
447,1,14.394224977258709,22.051221134158343,14.251196913491512
448,1,13.788066636344944,22.257021512211125,14.107062551322016
449,1,13.181908295431178,22.462821890263903,13.962928189152521
450,1,12.575749954517413,22.668622268316685,13.818793826983025
451,1,11.969591613603654,22.874422646369464,13.67465946481353
452,1,11.363433272689889,23.080223024422246,13.530525102644035
453,1,10.757274931776124,23.286023402475024,13.386390740474539
454,1,10.151116590862365,23.491823780527806,13.242256378305044
455,1,9.5449582499486,23.697624158580584,13.098122016135548
456,1,8.938799909034842,23.903424536633366,12.953987653966053
457,1,8.332641568121076,24.109224914686145,12.809853291796557
458,1,7.726483227207311,24.315025292738927,12.665718929627062
459,1,7.120324886293552,24.52082567079171,12.521584567457566
460,1,6.514166545379787,24.726626048844487,12.37745020528807
461,1,5.908008204466022,24.932426426897266,12.233315843118575
462,1,5.301849863552263,25.138226804950047,12.08918148094908
463,1,4.695691522638498,25.34402718300283,11.945047118779584
464,1,4.08953318172474,25.549827561055608,11.800912756610089
465,1,3.483374840810974,25.75562793910839,11.656778394440593
466,1,2.8772164998972087,25.96142831716117,11.512644032271098
467,1,2.2710581589834504,26.16722869521395,11.368509670101602
468,1,1.664899818069685,26.37302907326673,11.224375307932107
469,1,1.0587414771559196,26.57882945131951,11.080240945762611
470,1,0.4525831362421613,26.784629829372292,10.936106583593116
471,1,-0.15357520467160413,26.99043020742507,10.79197222142362
472,1,-0.7597335455853695,27.19623058547785,10.647837859254125
473,1,-1.365891886499135,27.40203096353063,10.50370349708463
474,1,-1.9720502274128933,27.607831341583413,10.359569134915134
475,1,-2.5782085683266516,27.81363171963619,10.215434772745638
476,1,-3.184366909240417,28.019432097688973,10.071300410576143
477,1,-3.7905252501541824,28.225232475741752,9.927166048406647
478,1,-4.396683591067941,28.431032853794534,9.783031686237152
479,1,-5.002841931981699,28.636833231847316,9.638897324067656
480,1,-5.609000272895464,28.842633609900094,9.49476296189816
481,1,-6.21515861380923,29.048433987952876,9.350628599728665
482,1,-6.821316954722995,29.254234366005655,9.20649423755917
483,1,-7.427475295636754,29.460034744058436,9.062359875389674
484,1,-8.033633636550519,29.665835122111215,8.918225513220179
485,1,-8.639791977464277,29.871635500163993,8.774091151050683
486,1,-9.245950318378043,30.077435878216775,8.629956788881202
487,1,-9.852108659291808,30.283236256269557,8.485822426711707
488,1,-10.458267000205574,30.48903663432234,8.341688064542211
489,1,-11.064425341119325,30.694837012375118,8.197553702372716
490,1,-11.67058368203309,30.9006373904279,8.05341934020322
491,1,-12.276742022946856,31.106437768480678,7.909284978033725
492,1,-12.882900363860621,31.31223814653346,7.765150615864229
493,1,-13.489058704774386,31.51803852458624,7.621016253694734
494,1,-14.095217045688152,31.72383890263902,7.476881891525238
495,1,-14.701375386601903,31.9296392806918,7.332747529355743
496,1,-15.307533727515668,32.13543965874458,7.188613167186247
497,1,-15.913692068429441,32.34124003679736,7.044478805016752
498,1,-16.5198504093432,32.547040414850144,6.900344442847256
499,1,-17.126008750256958,32.752840792902916,6.756210080677761
500,1,-17.732167091170723,32.9586411709557,6.612075718508265
501,1,-18.33832543208449,33.16444154900849,6.46794135633877
502,1,-18.944483772998254,33.37024192706126,6.323806994169274
503,1,-19.550642113912012,33.57604230511404,6.179672631999779
504,1,-20.156800454825778,33.78184268316682,6.035538269830283
505,1,-20.5834,33.926680000000005,5.934100000000001
506,1,-20.21849569540907,34.4394866347071,6.119654973297372
507,1,-19.853591390818146,34.952293269414206,6.305209946594729
508,1,-19.488687086227216,35.46509990412131,6.490764919892101
509,1,-19.123782781636287,35.977906538828414,6.676319893189472
510,1,-18.758878477045357,36.49071317353552,6.861874866486843
511,1,-18.393974172454435,37.003519808242615,7.047429839784215
512,1,-18.029069867863505,37.51632644294972,7.232984813081572
513,1,-17.664165563272576,38.02913307765682,7.418539786378943
514,1,-17.299261258681646,38.54193971236393,7.604094759676315
515,1,-16.934356954090717,39.05474634707103,7.789649732973686
516,1,-16.569452649499787,39.567552981778135,7.975204706271043
517,1,-16.204548344908865,40.08035961648524,8.160759679568415
518,1,-15.839644040317935,40.59316625119234,8.346314652865786
519,1,-15.474739735727006,41.10597288589944,8.531869626163157
520,1,-15.109835431136077,41.618779520606545,8.717424599460514
521,1,-14.744931126545147,42.13158615531365,8.902979572757886
522,1,-14.380026821954225,42.644392790020746,9.088534546055257
523,1,-14.015122517363295,43.15719942472786,9.274089519352628
524,1,-13.650218212772366,43.670006059434954,9.459644492649986
525,1,-13.285313908181436,44.18281269414206,9.645199465947357
526,1,-12.920409603590507,44.69561932884916,9.830754439244728
527,1,-12.555505298999584,45.208425963556266,10.0163094125421
528,1,-12.190600994408648,45.72123259826337,10.201864385839457
529,1,-11.825696689817725,46.234039232970474,10.387419359136828
530,1,-11.460792385226796,46.74684586767758,10.5729743324342
531,1,-11.095888080635866,47.259652502384675,10.758529305731571
532,1,-10.730983776044944,47.77245913709178,10.944084279028928
533,1,-10.366079471454007,48.28526577179888,11.1296392523263
534,1,-10.001175166863085,48.79807240650599,11.31519422562367
535,1,-9.636270862272156,49.31087904121309,11.500749198921042
536,1,-9.271366557681226,49.82368567592019,11.6863041722184
537,1,-8.906462253090297,50.33649231062729,11.87185914551577
538,1,-8.541557948499367,50.8492989453344,12.057414118813142
539,1,-8.176653643908445,51.3621055800415,12.2429690921105
540,1,-7.811749339317515,51.874912214748605,12.42852406540787
541,1,-7.446845034726586,52.38771884945571,12.614079038705242
542,1,-7.081940730135656,52.90052548416281,12.799634012002613
543,1,-6.717036425544727,53.41333211886992,12.985188985299985
544,1,-6.352132120953804,53.92613875357702,13.170743958597342
545,1,-5.987227816362868,54.438945388284125,13.356298931894713
546,1,-5.6223235117719454,54.95175202299122,13.541853905192085
547,1,-5.257419207181016,55.46455865769832,13.727408878489442
548,1,-4.8925149025900865,55.97736529240542,13.912963851786813
549,1,-4.307000000000002,56.800200000000004,14.210700000000003
550,1,-3.977724215503187,56.23268232092514,14.218288537770462
551,1,-3.648448431006379,55.66516464185028,14.225877075540922
552,1,-3.319172646509564,55.09764696277543,14.233465613311381
553,1,-2.989896862012749,54.53012928370057,14.241054151081855
554,1,-2.660621077515941,53.96261160462571,14.248642688852314
555,1,-2.331345293019126,53.39509392555085,14.256231226622774
556,1,-2.002069508522311,52.827576246475985,14.263819764393233
557,1,-1.672793724025503,52.26005856740113,14.271408302163692
558,1,-1.343517939528688,51.69254088832627,14.278996839934152
559,1,-1.014242155031873,51.12502320925141,14.286585377704625
560,1,-0.684966370535065,50.557505530176556,14.294173915475085
561,1,-0.35569058603825,49.989987851101695,14.301762453245544
562,1,-0.026414801541442046,49.422470172026834,14.309350991016004
563,1,0.302860982955373,48.85495249295198,14.316939528786463
564,1,0.632136767452188,48.28743481387711,14.324528066556923
565,1,0.9614125519490031,47.71991713480226,14.332116604327382
566,1,1.290688336445811,47.1523994557274,14.339705142097856
567,1,1.619964120942626,46.58488177665254,14.347293679868315
568,1,1.949239905439434,46.01736409757768,14.354882217638774
569,1,2.278515689936249,45.44984641850282,14.362470755409234
570,1,2.607791474433064,44.88232873942796,14.370059293179693
571,1,2.937067258929879,44.3148110603531,14.377647830950153
572,1,3.266343043426687,43.74729338127824,14.385236368720626
573,1,3.595618827923502,43.179775702203386,14.392824906491086
574,1,3.92489461242031,42.612258023128526,14.400413444261545
575,1,4.254170396917125,42.044740344053665,14.408001982032005
576,1,4.58344618141394,41.47722266497881,14.415590519802464
577,1,4.912721965910748,40.90970498590395,14.423179057572924
578,1,5.241997750407563,40.34218730682909,14.430767595343383
579,1,5.571273534904378,39.77466962775423,14.438356133113857
580,1,5.900549319401186,39.20715194867937,14.445944670884316
581,1,6.229825103898001,38.639634269604514,14.453533208654775
582,1,6.559100888394816,38.07211659052965,14.461121746425235
583,1,6.888376672891624,37.50459891145479,14.468710284195694
584,1,7.217652457388439,36.93708123237994,14.476298821966154
585,1,7.546928241885254,36.36956355330507,14.483887359736627
586,1,7.876204026382062,35.80204587423022,14.491475897507087
587,1,8.205479810878877,35.234528195155356,14.499064435277546
588,1,8.534755595375692,34.667010516080495,14.506652973048006
589,1,8.8640313798725,34.09949283700564,14.514241510818465
590,1,9.193307164369315,33.53197515793078,14.521830048588924
591,1,9.522582948866123,32.96445747885592,14.529418586359384
592,1,9.851858733362938,32.396939799781066,14.537007124129858
593,1,10.181134517859753,31.8294221207062,14.544595661900317
594,1,10.510410302356568,31.261904441631344,14.552184199670776
595,1,10.839686086853376,30.694386762556483,14.559772737441236
596,1,11.168961871350191,30.126869083481623,14.567361275211695
597,1,11.498237655847,29.559351404406765,14.574949812982155
598,1,11.827513440343814,28.99183372533191,14.582538350752628
599,1,12.15678922484063,28.424316046257047,14.590126888523088
600,1,12.486065009337445,27.856798367182186,14.597715426293547
601,1,12.815340793834253,27.289280688107326,14.605303964064007
602,1,13.14461657833106,26.721763009032465,14.612892501834466
603,1,13.473892362827876,26.154245329957615,14.620481039604925
604,1,13.80316814732469,25.586727650882754,14.628069577375385
605,1,14.132443931821506,25.019209971807893,14.635658115145858
606,1,14.46171971631832,24.451692292733036,14.643246652916318
607,1,14.790995500815136,23.884174613658175,14.650835190686777
608,1,15.12027128531195,23.316656934583314,14.658423728457237
609,1,15.449547069808752,22.749139255508453,14.666012266227696
610,1,15.778822854305567,22.1816215764336,14.673600803998156
611,1,16.10809863880238,21.61410389735874,14.68118934176863
612,2,24.856299999999997,47.0471,-7.290699999999994
613,2,24.693494892896545,46.56466527446079,-6.876806684133527
614,2,24.530689785793093,46.08223054892158,-6.46291336826706
615,2,24.36788467868964,45.599795823382365,-6.049020052400593
616,2,24.20507957158619,45.11736109784316,-5.635126736534126
617,2,24.042274464482738,44.634926372303944,-5.221233420667659
618,2,23.879469357379286,44.15249164676474,-4.807340104801185
619,2,23.716664250275834,43.67005692122552,-4.393446788934725
620,2,23.55385914317238,43.187622195686316,-3.9795534730682505
621,2,23.391054036068915,42.7051874701471,-3.5656601572017905
622,2,23.228248928965463,42.22275274460789,-3.1517668413353164
623,2,23.06544382186201,41.74031801906868,-2.7378735254688564
624,2,22.90263871475856,41.257883293529474,-2.3239802096023823
625,2,22.739833607655108,40.77544856799026,-1.9100868937359081
626,2,22.577028500551656,40.293013842451046,-1.4961935778694482
627,2,22.414223393448204,39.81057911691184,-1.082300262002974
628,2,22.25141828634475,39.328144391372625,-0.6684069461365141
629,2,22.0886131792413,38.84570966583342,-0.2545136302700399
630,2,21.925808072137848,38.363274940294204,0.15937968559642002
631,2,21.763002965034396,37.880840214755,0.5732730014628942
632,2,21.600197857930944,37.39840548921578,0.9871663173293541
633,2,21.43739275082749,36.91597076367657,1.4010596331958283
634,2,21.27458764372404,36.43353603813736,1.8149529490622882
635,2,21.111782536620588,35.95110131259815,2.2288462649287624
636,2,20.948977429517136,35.46866658705894,2.6427395807952365
637,2,20.78617232241367,34.98623186151973,3.0566328966616965
638,2,20.623367215310218,34.50379713598052,3.4705262125281706
639,2,20.460562108206766,34.02136241044131,3.8844195283946306
640,2,20.297757001103314,33.5389276849021,4.298312844261105
641,2,20.13495189399986,33.056492959362885,4.712206160127565
642,2,19.97214678689641,32.57405823382368,5.126099475994039
643,2,19.809341679792958,32.091623508284464,5.539992791860499
644,2,19.646536572689506,31.609188782745253,5.953886107726973
645,2,19.483731465586054,31.126754057206043,6.367779423593433
646,2,19.320926358482602,30.644319331666832,6.781672739459907
647,2,19.15812125137915,30.16188460612762,7.195566055326367
648,2,18.995316144275698,29.67944988058841,7.609459371192841
649,2,18.832511037172246,29.197015155049197,8.023352687059301
650,2,18.669705930068794,28.714580429509986,8.437246002925775
651,2,18.506900822965342,28.232145703970776,8.85113931879225
652,2,18.34409571586189,27.749710978431562,9.26503263465871
653,2,18.181290608758438,27.267276252892355,9.67892595052517
654,2,18.018485501654986,26.784841527353144,10.092819266391643
655,2,17.85568039455152,26.302406801813934,10.506712582258118
656,2,17.692875287448068,25.81997207627472,10.920605898124577
657,2,17.530070180344616,25.337537350735513,11.334499213991052
658,2,17.367265073241164,24.8551026251963,11.748392529857526
659,2,17.204459966137712,24.37266789965709,12.162285845723986
660,2,17.04165485903426,23.89023317411788,12.576179161590446
661,2,16.878849751930808,23.40779844857867,12.99007247745692
662,2,16.716044644827356,22.925363723039457,13.403965793323394
663,2,16.553239537723904,22.442928997500246,13.817859109189854
664,2,16.390434430620452,21.960494271961032,14.231752425056328
665,2,16.21269999999999,21.43382,14.683599999999998
666,2,15.86532429261785,20.974575803511975,14.36898701530798
667,2,15.517948585235708,20.515331607023946,14.054374030615946
668,2,15.17057287785358,20.056087410535916,13.739761045923927
669,2,14.823197170471438,19.59684321404789,13.425148061231894
670,2,14.475821463089297,19.13759901755986,13.110535076539875
671,2,14.128445755707155,18.678354821071835,12.795922091847856
672,2,13.781070048325013,18.219110624583806,12.481309107155823
673,2,13.433694340942871,17.759866428095776,12.166696122463804
674,2,13.086318633560744,17.30062223160775,11.852083137771785
675,2,12.738942926178595,16.84137803511972,11.537470153079752
676,2,12.39156721879646,16.382133838631695,11.222857168387733
677,2,12.044191511414319,15.922889642143666,10.9082441836957
678,2,11.696815804032177,15.463645445655638,10.593631199003681
679,2,11.349440096650042,15.00440124916761,10.279018214311662
680,2,11.0020643892679,14.545157052679581,9.96440522961963
681,2,10.654688681885766,14.085912856191555,9.64979224492761
682,2,10.307312974503624,13.62666865970353,9.335179260235591
683,2,9.959937267121482,13.1674244632155,9.020566275543558
684,2,9.61256155973934,12.70818026672747,8.70595329085154
685,2,9.265185852357206,12.248936070239441,8.391340306159506
686,2,8.917810144975064,11.789691873751416,8.076727321467487
687,2,8.57043443759293,11.330447677263386,7.762114336775468
688,2,8.223058730210788,10.87120348077536,7.447501352083435
689,2,7.875683022828646,10.411959284287331,7.132888367391416
690,2,7.528307315446504,9.952715087799305,6.818275382699383
691,2,7.18093160806437,9.493470891311276,6.503662398007364
692,2,6.833555900682235,9.03422669482325,6.189049413315345
693,2,6.486180193300093,8.57498249833522,5.874436428623312
694,2,6.138804485917952,8.115738301847195,5.559823443931293
695,2,5.79142877853581,7.656494105359162,5.24521045923926
696,2,5.444053071153675,7.197249908871136,4.930597474547241
697,2,5.0966773637715335,6.73800571238311,4.615984489855222
698,2,4.749301656389392,6.278761515895081,4.301371505163189
699,2,4.401925949007257,5.819517319407055,3.98675852047117
700,2,4.054550241625115,5.3602731229190255,3.6721455357791513
701,2,3.7071745342429736,4.901028926430996,3.357532551087118
702,2,3.359798826860832,4.441784729942967,3.042919566395099
703,2,3.0124231194786972,3.982540533454941,2.7283065817030803
704,2,2.6650474120965626,3.523296336966915,2.413693597011047
705,2,2.317671704714421,3.064052140478882,2.099080612319028
706,2,1.9702959973322791,2.60480794399086,1.784467627626995
707,2,1.6229202899501374,2.1455637475028304,1.4698546429349761
708,2,1.2755445825680027,1.686319551014801,1.1552416582429572
709,2,0.928168875185861,1.2270753545267716,0.8406286735509241
710,2,0.5807931678037264,0.7678311580387458,0.5260156888589052
711,2,0.0,0.0,0.0
712,2,0.303684280139322,0.5748025529198912,-0.08907484143705346
713,2,0.607368560278644,1.149605105839786,-0.17814968287410693
714,2,0.9110528404179661,1.7244076587596773,-0.2672245243111462
715,2,1.214737120557288,2.2992102116795685,-0.35629936574819965
716,2,1.5184214006966101,2.8740127645994633,-0.4453742071852531
717,2,1.8221056808359322,3.4488153175193546,-0.5344490486223066
718,2,2.1257899609752613,4.023617870439246,-0.62352389005936
719,2,2.4294742411145833,4.598420423359141,-0.7125987314963993
720,2,2.7331585212539053,5.173222976279032,-0.8016735729334528
721,2,3.0368428013932274,5.748025529198927,-0.8907484143705062
722,2,3.3405270815325494,6.322828082118818,-0.9798232558075597
723,2,3.6442113616718714,6.897630635038709,-1.068898097244599
724,2,3.9478956418111935,7.472433187958604,-1.1579729386816524
725,2,4.2515799219505155,8.047235740878495,-1.2470477801187059
726,2,4.5552642020898375,8.622038293798388,-1.3361226215557593
727,2,4.8589484822291595,9.19684084671828,-1.4251974629928128
728,2,5.162632762368482,9.771643399638172,-1.514272304429852
729,2,5.466317042507804,10.346445952558064,-1.6033471458669055
730,2,5.770001322647126,10.921248505477957,-1.692421987303959
731,2,6.073685602786448,11.49605105839785,-1.7814968287410125
732,2,6.37736988292577,12.070853611317743,-1.870571670178066
733,2,6.681054163065099,12.645656164237636,-1.9596465116151052
734,2,6.984738443204421,13.220458717157529,-2.0487213530521586
735,2,7.288422723343743,13.795261270077418,-2.137796194489212
736,2,7.592107003483065,14.370063822997311,-2.2268710359262656
737,2,7.895791283622387,14.944866375917206,-2.315945877363319
738,2,8.199475563761709,15.519668928837095,-2.4050207188003583
739,2,8.503159843901031,16.09447148175699,-2.4940955602374117
740,2,8.806844124040353,16.66927403467688,-2.583170401674465
741,2,9.110528404179675,17.244076587596776,-2.6722452431115187
742,2,9.414212684318997,17.818879140516664,-2.761320084548558
743,2,9.717896964458319,18.39368169343656,-2.8503949259856114
744,2,10.021581244597648,18.96848424635645,-2.939469767422665
745,2,10.32526552473697,19.543286799276345,-3.0285446088597183
746,2,10.628949804876292,20.118089352196236,-3.117619450296772
747,2,10.932634085015614,20.692891905116127,-3.206694291733811
748,2,11.236318365154936,21.267694458036022,-3.2957691331708645
749,2,11.540002645294258,21.842497010955913,-3.384843974607918
750,2,11.84368692543358,22.417299563875808,-3.4739188160449714
751,2,12.147371205572902,22.9921021167957,-3.562993657482025
752,2,12.451055485712224,23.56690466971559,-3.652068498919064
753,2,12.754739765851546,24.141707222635485,-3.7411433403561176
754,2,13.058424045990868,24.716509775555377,-3.830218181793171
755,2,13.36210832613019,25.29131232847527,-3.9192930232302245
756,2,13.665792606269513,25.86611488139516,-4.008367864667278
757,2,13.969476886408835,26.440917434315057,-4.097442706104317
758,2,14.273161166548157,27.01571998723495,-4.186517547541371
759,2,14.576845446687479,27.590522540154836,-4.275592388978424
760,2,14.8805297268268,28.16532509307473,-4.364667230415478
761,2,15.184214006966123,28.740127645994622,-4.453742071852517
762,2,15.487898287105445,29.314930198914517,-4.54281691328957
763,2,15.791582567244767,29.889732751834412,-4.631891754726624
764,2,16.09526684738409,30.464535304754303,-4.720966596163677
765,2,16.39895112752341,31.03933785767419,-4.810041437600724
766,2,16.702635407662733,31.614140410594082,-4.899116279037777
767,2,17.006319687802055,32.18894296351398,-4.9881911204748235
768,2,17.31000396794139,32.76374551643387,-5.077265961911877
769,2,17.613688248080713,33.33854806935376,-5.16634080334893
770,2,17.917372528220035,33.91335062227366,-5.255415644785977
771,2,18.221056808359357,34.48815317519355,-5.34449048622303
772,2,18.524741088498665,35.06295572811344,-5.433565327660077
773,2,18.828425368638,35.63775828103333,-5.52264016909713
774,2,19.132109648777323,36.212560833953226,-5.611715010534176
775,2,19.435793928916645,36.78736338687312,-5.70078985197123
776,2,19.739478209055967,37.36216593979301,-5.789864693408276
777,2,20.04316248919529,37.9369684927129,-5.87893953484533
778,2,20.34684676933461,38.5117710456328,-5.968014376282383
779,2,20.650531049473933,39.08657359855269,-6.0570892177194295
780,2,20.954215329613255,39.66137615147258,-6.146164059156483
781,2,21.257899609752577,40.23617870439247,-6.235238900593529
782,2,21.5615838898919,40.81098125731236,-6.324313742030583
783,2,21.86526817003122,41.385783810232255,-6.413388583467636
784,2,22.168952450170544,41.96058636315215,-6.502463424904683
785,2,22.47263673030988,42.535388916072044,-6.591538266341736
786,2,22.776321010449188,43.11019146899193,-6.6806131077787825
787,2,23.08000529058851,43.68499402191183,-6.769687949215836
788,2,23.38368957072783,44.259796574831725,-6.858762790652882
789,2,23.687373850867154,44.834599127751616,-6.947837632089936
790,2,23.99105813100649,45.40940168067151,-7.036912473526982
791,2,24.294742411145812,45.9842042335914,-7.125987314964036
792,2,24.598426691285134,46.55900678651129,-7.215062156401089
793,2,24.856299999999997,47.0471,-7.290699999999994
794,2,24.260965022479674,47.32279667090859,-7.301837971754232
795,2,23.66563004495935,47.598493341817175,-7.312975943508469
796,2,23.070295067439027,47.87419001272576,-7.3241139152627
797,2,22.474960089918703,48.14988668363434,-7.335251887016938
798,2,21.87962511239838,48.42558335454293,-7.346389858771175
799,2,21.284290134878056,48.70128002545151,-7.357527830525413
800,2,20.688955157357732,48.9769766963601,-7.368665802279644
801,2,20.09362017983741,49.252673367268685,-7.379803774033881
802,2,19.498285202317085,49.52837003817727,-7.390941745788119
803,2,18.90295022479676,49.80406670908586,-7.402079717542357
804,2,18.307615247276438,50.079763379994446,-7.413217689296594
805,2,17.712280269756114,50.355460050903034,-7.424355661050825
806,2,17.11694529223579,50.631156721811614,-7.435493632805063
807,2,16.521610314715467,50.9068533927202,-7.4466316045593
808,2,15.926275337195129,51.18255006362879,-7.457769576313538
809,2,15.330940359674806,51.45824673453737,-7.468907548067769
810,2,14.735605382154482,51.733943405445956,-7.480045519822006
811,2,14.140270404634173,52.00964007635454,-7.491183491576244
812,2,13.544935427113835,52.28533674726313,-7.502321463330482
813,2,12.949600449593518,52.56103341817172,-7.5134594350847195
814,2,12.354265472073195,52.836730089080305,-7.52459740683895
815,2,11.758930494552864,53.112426759988885,-7.535735378593188
816,2,11.16359551703254,53.38812343089747,-7.5468733503474255
817,2,10.568260539512217,53.66382010180606,-7.558011322101663
818,2,9.972925561991893,53.93951677271464,-7.569149293855901
819,2,9.37759058447157,54.21521344362323,-7.580287265610131
820,2,8.782255606951246,54.490910114531815,-7.591425237364369
821,2,8.186920629430922,54.7666067854404,-7.602563209118607
822,2,7.591585651910599,55.04230345634899,-7.6137011808728445
823,2,6.996250674390275,55.31800012725758,-7.624839152627075
824,2,6.400915696869951,55.59369679816616,-7.635977124381313
825,2,5.805580719349628,55.869393469074744,-7.6471150961355505
826,2,5.210245741829304,56.14509013998333,-7.658253067889788
827,2,4.614910764308981,56.42078681089191,-7.669391039644026
828,2,4.019575786788657,56.6964834818005,-7.6805290113982565
829,2,3.4242408092683334,56.972180152709086,-7.691666983152494
830,2,2.82890583174801,57.24787682361767,-7.702804954906732
831,2,2.233570854227686,57.52357349452626,-7.71394292666097
832,2,1.6382358767073626,57.79927016543485,-7.7250808984152
833,2,1.042900899187039,58.07496683634343,-7.736218870169438
834,2,0.4475659216667154,58.350663507252015,-7.747356841923676
835,2,-0.14776905585360822,58.6263601781606,-7.758494813677913
836,2,-0.7431040333739318,58.90205684906919,-7.769632785432151
837,2,-1.3384390108942625,59.17775351997777,-7.780770757186382
838,2,-1.933773988414579,59.45345019088636,-7.791908728940619
839,2,-2.5291089659349097,59.729146861794945,-7.803046700694857
840,2,-3.1244439434552334,60.00484353270353,-7.814184672449095
841,2,-3.719778920975557,60.28054020361212,-7.825322644203325
842,2,-4.315113898495881,60.5562368745207,-7.836460615957563
843,2,-4.910448876016211,60.83193354542929,-7.847598587711801
844,2,-5.505783853536535,61.107630216337874,-7.858736559466038
845,2,-6.1011188310568585,61.38332688724646,-7.869874531220276
846,2,-6.696453808577182,61.65902355815505,-7.881012502974507
847,2,-7.291788786097499,61.93472022906363,-7.892150474728744
848,2,-7.887123763617822,62.210416899972216,-7.903288446482982
849,2,-8.482458741138146,62.4861135708808,-7.91442641823722
850,2,-9.077793718658477,62.76181024178939,-7.92556438999145
851,2,-9.6731286961788,63.03750691269798,-7.936702361745688
852,2,-10.268463673699124,63.313203583606565,-7.947840333499926
853,2,-10.863798651219447,63.588900254515146,-7.958978305254163
854,2,-11.459133628739771,63.86459692542373,-7.970116277008401
855,2,-12.054468606260095,64.14029359633231,-7.981254248762632
856,2,-12.649803583780418,64.4159902672409,-7.992392220516869
857,2,-13.245138561300749,64.69168693814949,-8.003530192271107
858,2,-13.840473538821072,64.96738360905807,-8.014668164025345
859,2,-14.435808516341396,65.24308027996666,-8.025806135779575
860,2,-15.03114349386172,65.51877695087525,-8.036944107533813
861,2,-15.626478471382036,65.79447362178382,-8.04808207928805
862,2,-16.22181344890236,66.07017029269241,-8.059220051042288
863,2,-16.817148426422683,66.345866963601,-8.070358022796526
864,2,-17.412483403943007,66.62156363450958,-8.081495994550757
865,2,-18.00781838146333,66.89726030541817,-8.092633966304994
866,2,-18.603153358983654,67.17295697632676,-8.103771938059232
867,2,-19.198488336503985,67.44865364723535,-8.11490990981347
868,2,-19.7938233140243,67.72435031814393,-8.1260478815677
869,2,-20.389158291544625,68.00004698905252,-8.137185853321938
870,2,-20.98449326906495,68.27574365996111,-8.148323825076176
871,2,-21.57982824658528,68.5514403308697,-8.159461796830414
872,2,-22.175163224105603,68.82713700177828,-8.170599768584651
873,2,-22.770498201625927,69.10283367268686,-8.181737740338882
874,2,-23.36583317914625,69.37853034359544,-8.19287571209312
875,2,-23.961168156666574,69.65422701450403,-8.204013683847357
876,2,-24.556503134186897,69.92992368541262,-8.215151655601595
877,2,-25.15183811170722,70.2056203563212,-8.226289627355825
878,3,-20.5834,33.926680000000005,5.934100000000001
879,3,-19.97627345959783,34.10198386871444,5.757401494694932
880,3,-19.369146919195664,34.27728773742888,5.580702989389863
881,3,-18.762020378793494,34.452591606143315,5.404004484084808
882,3,-18.154893838391324,34.62789547485775,5.227305978779739
883,3,-17.547767297989154,34.80319934357219,5.05060747347467
884,3,-16.940640757586984,34.978503212286626,4.8739089681696015
885,3,-16.33351421718482,35.15380708100106,4.697210462864533
886,3,-15.72638767678265,35.3291109497155,4.520511957559478
887,3,-15.11926113638048,35.504414818429936,4.343813452254409
888,3,-14.51213459597831,35.67971868714437,4.16711494694934
889,3,-13.90500805557614,35.85502255585882,3.990416441644271
890,3,-13.29788151517397,36.03032642457325,3.8137179363392164
891,3,-12.6907549747718,36.20563029328769,3.6370194310341475
892,3,-12.083628434369636,36.38093416200213,3.4603209257290786
893,3,-11.476501893967459,36.556238030716564,3.2836224204240096
894,3,-10.869375353565296,36.731541899431,3.1069239151189407
895,3,-10.262248813163126,36.90684576814544,2.930225409813886
896,3,-9.655122272760956,37.08214963685988,2.753526904508817
897,3,-9.047995732358785,37.25745350557432,2.576828399203748
898,3,-8.440869191956615,37.432757374288755,2.4001298938986793
899,3,-7.833742651554445,37.60806124300319,2.2234313885936103
900,3,-7.226616111152275,37.78336511171763,2.0467328832885556
901,3,-6.619489570750112,37.958668980432066,1.8700343779834867
902,3,-6.012363030347942,38.1339728491465,1.6933358726784178
903,3,-5.405236489945771,38.30927671786094,1.5166373673733489
904,3,-4.798109949543601,38.484580586575376,1.33993886206828
905,3,-4.190983409141431,38.65988445528981,1.1632403567632252
906,3,-3.583856868739268,38.83518832400425,0.9865418514581563
907,3,-2.9767303283370907,39.01049219271869,0.8098433461530874
908,3,-2.3696037879349277,39.18579606143312,0.6331448408480185
909,3,-1.7624772475327504,39.36109993014757,0.45644633554296377
910,3,-1.1553507071305873,39.536403798862004,0.27974783023789485
911,3,-0.5482241667284171,39.71170766757644,0.10304932493282593
912,3,0.05890237367375306,39.88701153629088,-0.073649180372243
913,3,0.6660289140759232,40.062315405005315,-0.2503476856773119
914,3,1.2731554544780934,40.23761927371975,-0.4270461909823666
915,3,1.8802819948802636,40.412923142434195,-0.6037446962874355
916,3,2.4874085352824338,40.58822701114863,-0.7804432015925045
917,3,3.094535075684597,40.76353087986307,-0.9571417068975734
918,3,3.701661616086767,40.938834748577506,-1.1338402122026423
919,3,4.308788156488937,41.11413861729194,-1.310538717507697
920,3,4.915914696891107,41.28944248600638,-1.487237222812766
921,3,5.523041237293278,41.464746354720816,-1.6639357281178349
922,3,6.130167777695448,41.64005022343525,-1.8406342334229038
923,3,6.737294318097611,41.81535409214969,-2.0173327387279585
924,3,7.344420858499781,41.99065796086413,-2.1940312440330274
925,3,7.951547398901951,42.16596182957856,-2.3707297493380963
926,3,8.558673939304121,42.341265698293,-2.5474282546431652
927,3,9.165800479706284,42.51656956700744,-2.724126759948234
928,3,9.772927020108462,42.69187343572188,-2.900825265253289
929,3,10.380053560510625,42.86717730443632,-3.077523770558358
930,3,10.987180100912802,43.042481173150755,-3.2542222758634267
931,3,11.594306641314965,43.21778504186519,-3.4309207811684956
932,3,12.201433181717128,43.39308891057963,-3.6076192864735646
933,3,12.808559722119305,43.568392779294065,-3.7843177917786193
934,3,13.415686262521469,43.7436966480085,-3.961016297083688
935,3,14.022812802923646,43.919000516722946,-4.137714802388757
936,3,14.629939343325809,44.09430438543738,-4.314413307693826
937,3,15.237065883727986,44.26960825415182,-4.491111812998881
938,3,15.84419242413015,44.444912122866256,-4.667810318303957
939,3,16.451318964532312,44.62021599158069,-4.844508823609019
940,3,17.05844550493449,44.79551986029513,-5.0212073289140875
941,3,17.665572045336653,44.97082372900957,-5.197905834219149
942,3,18.27269858573883,45.146127597724,-5.374604339524218
943,3,18.879825126140993,45.32143146643844,-5.551302844829287
944,3,19.48695166654317,45.49673533515288,-5.728001350134349
945,3,20.094078206945333,45.67203920386732,-5.904699855439418
946,3,20.70120474734751,45.84734307258175,-6.08139836074448
947,3,21.308331287749674,46.022646941296195,-6.258096866049549
948,3,21.91545782815185,46.19795081001063,-6.43479537135461
949,3,22.522584368554014,46.37325467872507,-6.611493876659679
950,3,23.129710908956177,46.548558547439505,-6.788192381964748
951,3,23.736837449358354,46.72386241615394,-6.96489088726981
952,3,24.34396398976053,46.89916628486838,-7.141589392574879
953,3,24.856299999999997,47.0471,-7.290699999999994
954,3,24.346310785666823,47.21765600039477,-6.914697212487496
955,3,23.83632157133365,47.38821200078955,-6.538694424974992
956,3,23.326332357000474,47.55876800118432,-6.162691637462494
957,3,22.8163431426673,47.72932400157909,-5.786688849949996
958,3,22.306353928334126,47.89988000197387,-5.410686062437492
959,3,21.79636471400095,48.07043600236864,-5.034683274924994
960,3,21.286375499667777,48.240992002763406,-4.658680487412489
961,3,20.776386285334603,48.41154800315818,-4.282677699899992
962,3,20.26639707100143,48.582104003552956,-3.906674912387487
963,3,19.756407856668254,48.752660003947724,-3.5306721248749966
964,3,19.246418642335094,48.9232160043425,-3.154669337362492
965,3,18.73642942800192,49.093772004737275,-2.778666549849987
966,3,18.226440213668745,49.26432800513204,-2.4026637623374967
967,3,17.71645099933557,49.43488400552682,-2.026660974824992
968,3,17.206461785002396,49.605440005921594,-1.6506581873124873
969,3,16.696472570669222,49.77599600631636,-1.2746553997999825
970,3,16.186483356336048,49.94655200671114,-0.898652612287492
971,3,15.676494142002873,50.11710800710591,-0.5226498247749873
972,3,15.166504927669699,50.28766400750068,-0.14664703726248263
973,3,14.656515713336525,50.458220007895456,0.22935575025000787
974,3,14.14652649900335,50.62877600829023,0.6053585377625126
975,3,13.636537284670176,50.799332008685,0.9813613252750173
976,3,13.126548070337002,50.969888009079774,1.3573641127875078
977,3,12.616558856003827,51.14044400947455,1.7333669003000125
978,3,12.106569641670653,51.31100000986932,2.109369687812517
979,3,11.596580427337479,51.48155601026409,2.4853724753250077
980,3,11.086591213004311,51.65211201065887,2.8613752628375124
981,3,10.576601998671137,51.822668011053636,3.237378050350017
982,3,10.066612784337956,51.99322401144841,3.6133808378625076
983,3,9.556623570004788,52.16378001184319,3.9893836253750123
984,3,9.046634355671614,52.334336012237955,4.365386412887517
985,3,8.53664514133844,52.50489201263273,4.7413892004000076
986,3,8.026655927005265,52.675448013027506,5.117391987912512
987,3,7.516666712672098,52.846004013422274,5.493394775425017
988,3,7.006677498338924,53.01656001381705,5.869397562937522
989,3,6.496688284005749,53.187116014211824,6.245400350450012
990,3,5.986699069672575,53.35767201460659,6.621403137962517
991,3,5.476709855339401,53.52822801500137,6.997405925475022
992,3,4.966720641006226,53.69878401539614,7.373408712987512
993,3,4.456731426673052,53.86934001579091,7.749411500500017
994,3,3.9467422123398777,54.039896016185686,8.125414288012522
995,3,3.4367529980067033,54.21045201658046,8.501417075525012
996,3,2.926763783673529,54.38100801697523,8.877419863037517
997,3,2.4167745693403546,54.551564017370005,9.253422650550021
998,3,1.9067853550071803,54.72212001776478,9.629425438062512
999,3,1.396796140674006,54.89267601815955,10.005428225575017
1000,3,0.8868069263408316,55.063232018554324,10.381431013087521
1001,3,0.37681771200766434,55.2337880189491,10.757433800600026
1002,3,-0.1331715023255171,55.40434401934387,11.133436588112517
1003,3,-0.6431607166586915,55.57490001973864,11.509439375625021
1004,3,-1.1531499309918587,55.74545602013342,11.885442163137526
1005,3,-1.663139145325033,55.916012020528186,12.261444950650016
1006,3,-2.1731283596582145,56.08656802092296,12.637447738162521
1007,3,-2.6831175739913746,56.25712402131773,13.013450525675026
1008,3,-3.193106788324556,56.427680021712504,13.389453313187516
1009,3,-3.7030960026577233,56.59823602210728,13.765456100700021
1010,3,-4.307000000000002,56.800200000000004,14.210700000000003
1011,3,-4.7201700270395435,57.06441478384985,13.774767068260118
1012,3,-5.133340054079078,57.32862956769969,13.338834136520248
1013,3,-5.546510081118619,57.592844351549545,12.902901204780363
1014,3,-5.95968010815816,57.85705913539939,12.466968273040493
1015,3,-6.3728501351976945,58.121273919249234,12.031035341300608
1016,3,-6.786020162237236,58.38548870309908,11.595102409560724
1017,3,-7.19919018927677,58.64970348694892,11.159169477820853
1018,3,-7.612360216316311,58.913918270798774,10.723236546080969
1019,3,-8.025530243355853,59.17813305464862,10.287303614341099
1020,3,-8.438700270395387,59.44234783849846,9.851370682601214
1021,3,-8.851870297434928,59.70656262234831,9.41543775086133
1022,3,-9.26504032447447,59.97077740619815,8.979504819121459
1023,3,-9.678210351514004,60.234992190048004,8.543571887381574
1024,3,-10.091380378553545,60.49920697389785,8.10763895564169
1025,3,-10.504550405593086,60.76342175774769,7.6717060239018195
1026,3,-10.91772043263262,61.02763654159754,7.235773092161935
1027,3,-11.330890459672162,61.29185132544738,6.799840160422065
1028,3,-11.744060486711696,61.55606610929723,6.36390722868218
1029,3,-12.157230513751237,61.82028089314708,5.9279742969422955
1030,3,-12.570400540790779,62.08449567699692,5.492041365202425
1031,3,-12.98357056783032,62.34871046084677,5.056108433462541
1032,3,-13.396740594869854,62.61292524469661,4.620175501722656
1033,3,-13.809910621909395,62.87714002854646,4.184242569982786
1034,3,-14.22308064894893,63.1413548123963,3.748309638242901
1035,3,-14.636250675988471,63.40556959624615,3.3123767065030307
1036,3,-15.049420703028012,63.669784380096,2.876443774763146
1037,3,-15.462590730067546,63.93399916394584,2.4405108430232616
1038,3,-15.875760757107088,64.1982139477957,2.0045779112833912
1039,3,-16.288930784146622,64.46242873164553,1.5686449795435067
1040,3,-16.702100811186163,64.72664351549538,1.1327120478036221
1041,3,-17.115270838225705,64.99085829934523,0.6967791160637518
1042,3,-17.528440865265246,65.25507308319507,0.2608461843238672
1043,3,-17.94161089230478,65.51928786704492,-0.17508674741600316
1044,3,-18.354780919344314,65.78350265089476,-0.6110196791558877
1045,3,-18.767950946383856,66.04771743474461,-1.046952610895758
1046,3,-19.181120973423397,66.31193221859445,-1.4828855426356427
1047,3,-19.59429100046294,66.5761470024443,-1.9188184743755272
1048,3,-20.007461027502472,66.84036178629415,-2.3547514061153976
1049,3,-20.420631054542014,67.10457657014399,-2.790684337855282
1050,3,-20.83380108158155,67.36879135399384,-3.2266172695951667
1051,3,-21.24697110862109,67.6330061378437,-3.662550201335037
1052,3,-21.66014113566063,67.89722092169353,-4.098483133074922
1053,3,-22.07331116270017,68.16143570554338,-4.534416064814792
1054,3,-22.48648118973971,68.42565048939322,-4.9703489965546765
1055,3,-22.899651216779247,68.68986527324307,-5.406281928294554
1056,3,-23.312821243818785,68.95408005709291,-5.8422148600344315
1057,3,-23.725991270858326,69.21829484094276,-6.278147791774316
1058,3,-24.13916129789786,69.48250962479261,-6.7140807235141935
1059,3,-24.552331324937402,69.74672440864245,-7.150013655254071
1060,3,-24.96550135197694,70.0109391924923,-7.5859465869939555
1061,3,-25.37867137901648,70.27515397634215,-8.021879518733826
1062,3,-25.580000000000002,70.4039,-8.234299999999998
1063,3,-26.02828318215175,70.21844867173033,-7.792478273885365
1064,3,-26.476566364303498,70.03299734346065,-7.3506565477707255
1065,3,-26.92484954645525,69.84754601519097,-6.908834821656093
1066,3,-27.373132728606997,69.66209468692131,-6.467013095541461
1067,3,-27.821415910758745,69.47664335865163,-6.025191369426821
1068,3,-28.269699092910493,69.29119203038195,-5.583369643312189
1069,3,-28.71798227506224,69.10574070211229,-5.141547917197556
1070,3,-29.166265457213992,68.92028937384259,-4.699726191082917
1071,3,-29.61454863936574,68.73483804557293,-4.257904464968277
1072,3,-30.062831821517488,68.54938671730326,-3.816082738853652
1073,3,-30.51111500366924,68.36393538903357,-3.3742610127390122
1074,3,-30.959398185820987,68.1784840607639,-2.9324392866243727
1075,3,-31.407681367972735,67.99303273249423,-2.4906175605097474
1076,3,-31.855964550124483,67.80758140422455,-2.048795834395108
1077,3,-32.30424773227623,67.62213007595489,-1.6069741082804683
1078,3,-32.75253091442798,67.4366787476852,-1.165152382165843
1079,3,-33.20081409657973,67.25122741941553,-0.7233306560512034
1080,3,-33.649097278731475,67.06577609114586,-0.28150892993656385
1081,3,-34.09738046088323,66.88032476287619,0.1603127961780615
1082,3,-34.54566364303497,66.6948734346065,0.602134522292701
1083,3,-34.993946825186725,66.50942210633684,1.0439562484073406
1084,3,-35.44223000733847,66.32397077806715,1.485777974521966
1085,3,-35.89051318949022,66.13851944979749,1.9275997006366055
1086,3,-36.33879637164197,65.9530681215278,2.369421426751245
1087,3,-36.78707955379372,65.76761679325813,2.8112431528658703
1088,3,-37.23536273594547,65.58216546498846,3.25306487898051
1089,3,-37.68364591809721,65.39671413671878,3.6948866050951494
1090,3,-38.13192910024897,65.2112628084491,4.136708331209775
1091,3,-38.580212282400716,65.02581148017944,4.578530057324414
1092,3,-39.02849546455246,64.84036015190976,5.020351783439054
1093,3,-39.47677864670421,64.65490882364008,5.462173509553679
1094,3,-39.92506182885596,64.46945749537042,5.903995235668319
1095,3,-40.37334501100771,64.28400616710073,6.345816961782958
1096,3,-40.821628193159455,64.09855483883106,6.787638687897584
1097,3,-41.2699113753112,63.913103510561385,7.229460414012223
1098,3,-41.71819455746295,63.72765218229171,7.671282140126863
1099,3,-42.166477739614706,63.54220085402204,8.113103866241502
1100,3,-42.61476092176645,63.35674952575236,8.554925592356128
1101,3,-43.0630441039182,63.17129819748269,8.996747318470767
1102,3,-43.51132728606994,62.98584686921301,9.438569044585407
1103,3,-43.9596104682217,62.80039554094334,9.880390770700032
1104,3,-44.40789365037344,62.61494421267366,10.322212496814672
1105,3,-44.85617683252519,62.42949288440399,10.764034222929297
1106,3,-45.30446001467695,62.24404155613431,11.205855949043936
1107,3,-45.75274319682869,62.05859022786464,11.647677675158576
1108,3,-46.201026378980444,61.87313889959496,12.089499401273216
1109,3,-46.64930956113219,61.68768757132529,12.53132112738784
1110,3,-47.45906,61.3527,13.329400000000007
1111,3,-47.82376647761794,60.87460404826365,13.066778808279253
1112,3,-48.18847295523587,60.39650809652729,12.804157616558498
1113,3,-48.55317943285381,59.91841214479094,12.541536424837744
1114,3,-48.917885910471746,59.44031619305459,12.27891523311699
1115,3,-49.282592388089675,58.962220241318235,12.016294041396222
1116,3,-49.64729886570761,58.484124289581885,11.753672849675468
1117,3,-50.01200534332555,58.00602833784553,11.491051657954714
1118,3,-50.376711820943484,57.52793238610918,11.22843046623396
1119,3,-50.74141829856142,57.04983643437283,10.965809274513205
1120,3,-51.10612477617936,56.57174048263647,10.703188082792451
1121,3,-51.470831253797286,56.09364453090012,10.440566891071697
1122,3,-51.83553773141522,55.61554857916377,10.177945699350943
1123,3,-52.20024420903316,55.137452627427415,9.915324507630189
1124,3,-52.564950686651095,54.659356675691065,9.652703315909434
1125,3,-52.92965716426903,54.18126072395471,9.39008212418868
1126,3,-53.29436364188697,53.70316477221836,9.127460932467912
1127,3,-53.659070119504904,53.22506882048201,8.864839740747158
1128,3,-54.02377659712283,52.74697286874565,8.602218549026404
1129,3,-54.38848307474077,52.2688769170093,8.33959735730565
1130,3,-54.753189552358705,51.79078096527295,8.076976165584895
1131,3,-55.11789602997664,51.312685013536594,7.814354973864141
1132,3,-55.48260250759458,50.834589061800244,7.551733782143387
1133,3,-55.84730898521251,50.356493110063894,7.289112590422633
1134,3,-56.21201546283044,49.87839715832754,7.026491398701879
1135,3,-56.57672194044838,49.40030120659119,6.7638702069811245
1136,3,-56.941428418066316,48.92220525485483,6.501249015260356
1137,3,-57.30613489568425,48.44410930311848,6.238627823539602
1138,3,-57.67084137330219,47.96601335138213,5.976006631818848
1139,3,-58.035547850920125,47.487917399645774,5.713385440098094
1140,3,-58.400254328538054,47.009821447909424,5.4507642483773395
1141,3,-58.76496080615599,46.53172549617307,5.188143056656585
1142,3,-59.12966728377393,46.05362954443672,4.925521864935831
1143,3,-59.49437376139186,45.57553359270037,4.662900673215077
1144,3,-59.8590802390098,45.09743764096402,4.400279481494323
1145,3,-60.223786716627735,44.61934168922767,4.137658289773569
1146,3,-60.58849319424567,44.1412457374913,3.8750370980528004
1147,3,-60.9531996718636,43.66314978575495,3.6124159063320462
1148,3,-61.31790614948154,43.1850538340186,3.349794714611292
1149,3,-61.68261262709947,42.70695788228225,3.087173522890538
1150,3,-62.04731910471741,42.228861930545904,2.8245523311697838
1151,3,-62.412025582335346,41.75076597880955,2.5619311394490296
1152,3,-62.776732059953275,41.27267002707319,2.2993099477282755
1153,3,-63.14143853757122,40.79457407533684,2.0366887560075213
1154,3,-63.50614501518915,40.31647812360049,1.7740675642867672
1155,3,-63.870851492807084,39.83838217186414,1.511446372566013
1156,3,-64.23555797042502,39.36028622012778,1.2488251808452588
1157,3,-64.60026444804295,38.882190268391426,0.9862039891244905
1158,3,-64.9649709256609,38.404094316655076,0.7235827974037363
1159,3,-65.32967740327882,37.925998364918726,0.46096160568298217
1160,4,-65.5689,37.6124,0.28870000000000573
1161,4,-65.06826371917079,38.02292928694742,0.18199731446708256
1162,4,-64.56762743834156,38.433458573894825,0.07529462893415939
1163,4,-64.06699115751235,38.84398786084223,-0.03140805659876378
1164,4,-63.56635487668313,39.25451714778964,-0.13811074213167274
1165,4,-63.06571859585391,39.66504643473706,-0.2448134276645959
1166,4,-62.56508231502469,40.075575721684466,-0.3515161131975191
1167,4,-62.06444603419547,40.48610500863188,-0.45821879873044224
1168,4,-61.56380975336625,40.89663429557929,-0.5649214842633654
1169,4,-61.06317347253703,41.3071635825267,-0.6716241697962886
1170,4,-60.56253719170781,41.717692869474114,-0.7783268553292118
1171,4,-60.06190091087859,42.12822215642152,-0.8850295408621349
1172,4,-59.56126463004938,42.53875144336894,-0.9917322263950439
1173,4,-59.06062834922015,42.949280730316346,-1.098434911927967
1174,4,-58.55999206839094,43.359810017263754,-1.2051375974608902
1175,4,-58.05935578756172,43.77033930421117,-1.3118402829938134
1176,4,-57.5587195067325,44.18086859115858,-1.4185429685267366
1177,4,-57.05808322590328,44.591397878105994,-1.5252456540596597
1178,4,-56.55744694507406,45.0019271650534,-1.631948339592583
1179,4,-56.05681066424484,45.41245645200081,-1.7386510251254919
1180,4,-55.55617438341562,45.822985738948226,-1.845353710658415
1181,4,-55.055538102586404,46.233515025895635,-1.9520563961913382
1182,4,-54.554901821757184,46.64404431284305,-2.0587590817242614
1183,4,-54.054265540927965,47.05457359979046,-2.1654617672571845
1184,4,-53.553629260098745,47.46510288673787,-2.2721644527901077
1185,4,-53.05299297926953,47.87563217368528,-2.378867138323031
1186,4,-52.55235669844031,48.28616146063269,-2.485569823855954
1187,4,-52.051720417611094,48.6966907475801,-2.592272509388863
1188,4,-51.551084136781874,49.107220034527515,-2.698975194921786
1189,4,-51.050447855952655,49.51774932147492,-2.8056778804547093
1190,4,-50.549811575123435,49.92827860842234,-2.9123805659876325
1191,4,-50.049175294294216,50.33880789536975,-3.0190832515205557
1192,4,-49.548539013464996,50.74933718231716,-3.125785937053479
1193,4,-49.04790273263578,51.15986646926457,-3.232488622586402
1194,4,-48.547266451806564,51.57039575621198,-3.339191308119311
1195,4,-48.04663017097734,51.98092504315939,-3.445893993652234
1196,4,-47.545993890148125,52.391454330106804,-3.5525966791851573
1197,4,-47.0453576093189,52.80198361705422,-3.6592993647180805
1198,4,-46.544721328489686,53.21251290400163,-3.7660020502510037
1199,4,-46.04408504766046,53.623042190949036,-3.872704735783927
1200,4,-45.54344876683125,54.033571477896444,-3.97940742131685
1201,4,-45.042812486002035,54.44410076484386,-4.086110106849759
1202,4,-44.54217620517281,54.85463005179127,-4.192812792382682
1203,4,-44.04153992434359,55.265159338738684,-4.299515477915605
1204,4,-43.54090364351437,55.67568862568609,-4.4062181634485285
1205,4,-43.04026736268516,56.0862179126335,-4.512920848981452
1206,4,-42.53963108185593,56.49674719958091,-4.619623534514375
1207,4,-42.03899480102672,56.90727648652833,-4.726326220047291
1208,4,-41.53835852019749,57.31780577347573,-4.833028905580214
1209,4,-41.03772223936828,57.72833506042315,-4.939731591113137
1210,4,-40.53708595853906,58.13886434737056,-5.046434276646053
1211,4,-40.03644967770984,58.54939363431797,-5.153136962178976
1212,4,-39.53581339688062,58.95992292126539,-5.2598396477119
1213,4,-39.0351771160514,59.3704522082128,-5.366542333244823
1214,4,-38.53454083522218,59.780981495160205,-5.473245018777739
1215,4,-38.03390455439296,60.19151078210761,-5.579947704310662
1216,4,-37.53326827356375,60.60204006905503,-5.686650389843585
1217,4,-37.03263199273452,61.012569356002444,-5.793353075376508
1218,4,-36.53199571190531,61.42309864294985,-5.900055760909424
1219,4,-36.03135943107608,61.83362792989726,-6.006758446442348
1220,4,-35.530723150246864,62.24415721684467,-6.113461131975271
1221,4,-35.03008686941765,62.65468650379208,-6.220163817508194
1222,4,-34.52945058858843,63.06521579073949,-6.32686650304111
1223,4,-34.02881430775921,63.47574507768691,-6.433569188574033
1224,4,-33.52817802692999,63.88627436463432,-6.540271874106956
1225,4,-33.02754174610078,64.29680365158173,-6.646974559639872
1226,4,-32.526905465271554,64.70733293852913,-6.7536772451727956
1227,4,-32.02626918444233,65.11786222547656,-6.860379930705719
1228,4,-31.52563290361312,65.52839151242395,-6.967082616238642
1229,4,-31.0249966227839,65.93892079937137,-7.073785301771558
1230,4,-30.52436034195468,66.34945008631878,-7.180487987304481
1231,4,-30.02372406112546,66.75997937326619,-7.287190672837404
1232,4,-29.52308778029624,67.17050866021361,-7.39389335837032
1233,4,-29.02245149946702,67.58103794716102,-7.5005960439032435
1234,4,-28.5218152186378,67.99156723410843,-7.607298729436167
1235,4,-28.021178937808582,68.40209652105584,-7.71400141496909
1236,4,-27.52054265697937,68.81262580800325,-7.820704100502006
1237,4,-27.01990637615015,69.22315509495066,-7.927406786034929
1238,4,-26.519270095320923,69.63368438189808,-8.034109471567852
1239,4,-26.01863381449171,70.04421366884549,-8.140812157100768
1240,4,-25.580000000000002,70.4039,-8.234299999999998
1241,4,-25.496891896954438,69.79717691658814,-7.998637980388509
1242,4,-25.413783793908873,69.19045383317626,-7.762975960777013
1243,4,-25.33067569086331,68.58373074976441,-7.527313941165524
1244,4,-25.247567587817745,67.97700766635253,-7.291651921554035
1245,4,-25.16445948477218,67.37028458294068,-7.055989901942546
1246,4,-25.081351381726616,66.7635614995288,-6.82032788233105
1247,4,-24.998243278681052,66.15683841611694,-6.584665862719561
1248,4,-24.915135175635484,65.55011533270508,-6.349003843108072
1249,4,-24.83202707258992,64.94339224929321,-6.113341823496576
1250,4,-24.748918969544356,64.33666916588135,-5.877679803885087
1251,4,-24.66581086649879,63.72994608246948,-5.642017784273598
1252,4,-24.582702763453227,63.12322299905762,-5.406355764662109
1253,4,-24.499594660407663,62.51649991564575,-5.170693745050613
1254,4,-24.4164865573621,61.90977683223389,-4.935031725439124
1255,4,-24.333378454316534,61.30305374882202,-4.699369705827635
1256,4,-24.25027035127097,60.69633066541016,-4.463707686216139
1257,4,-24.167162248225406,60.089607581998294,-4.2280456666046575
1258,4,-24.08405414517984,59.48288449858643,-3.9923836469931615
1259,4,-24.000946042134277,58.876161415174565,-3.7567216273816655
1260,4,-23.917837939088713,58.2694383317627,-3.5210596077701837
1261,4,-23.83472983604315,57.662715248350835,-3.2853975881586877
1262,4,-23.751621732997585,57.05599216493897,-3.0497355685471916
1263,4,-23.66851362995202,56.4492690815271,-2.81407354893571
1264,4,-23.585405526906456,55.842545998115234,-2.578411529324214
1265,4,-23.502297423860888,55.23582291470337,-2.342749509712732
1266,4,-23.419189320815324,54.629099831291505,-2.107087490101236
1267,4,-23.33608121776976,54.02237674787965,-1.87142547048974
1268,4,-23.252973114724195,53.415653664467776,-1.6357634508782581
1269,4,-23.16986501167863,52.80893058105591,-1.4001014312667621
1270,4,-23.086756908633067,52.20220749764404,-1.164439411655266
1271,4,-23.003648805587503,51.59548441423218,-0.9287773920437843
1272,4,-22.92054070254194,50.98876133082031,-0.6931153724322883
1273,4,-22.837432599496374,50.382038247408445,-0.45745335282079225
1274,4,-22.75432449645081,49.77531516399658,-0.22179133320931044
1275,4,-22.671216393405246,49.16859208058472,0.013870686402185584
1276,4,-22.58810829035968,48.56186899717285,0.2495327060136816
1277,4,-22.505000187314117,47.95514591376099,0.4851947256251634
1278,4,-22.421892084268553,47.34842283034912,0.7208567452366594
1279,4,-22.33878398122299,46.74169974693726,0.9565187648481555
1280,4,-22.25567587817742,46.13497666352539,1.1921807844596373
1281,4,-22.17256777513186,45.52825358011353,1.4278428040711333
1282,4,-22.089459672086292,44.92153049670166,1.663504823682615
1283,4,-22.006351569040728,44.3148074132898,1.8991668432941111
1284,4,-21.923243465995164,43.708084329877934,2.134828862905607
1285,4,-21.8401353629496,43.10136124646607,2.370490882517089
1286,4,-21.757027259904035,42.494638163054205,2.606152902128585
1287,4,-21.67391915685847,41.88791507964234,2.841814921740081
1288,4,-21.590811053812907,41.281191996230476,3.077476941351563
1289,4,-21.507702950767342,40.67446891281861,3.313138960963059
1290,4,-21.424594847721778,40.06774582940674,3.5488009805745406
1291,4,-21.341486744676214,39.46102274599488,3.7844630001860367
1292,4,-21.25837864163065,38.854299662583,4.020125019797533
1293,4,-21.17527053858508,38.247576579171145,4.2557870394090145
1294,4,-21.09216243553952,37.64085349575929,4.4914490590205105
1295,4,-21.009054332493953,37.034130412347416,4.7271110786320065
1296,4,-20.925946229448392,36.42740732893555,4.962773098243488
1297,4,-20.842838126402825,35.82068424552369,5.198435117854984
1298,4,-20.75973002335726,35.21396116211182,5.43409713746648
1299,4,-20.676621920311696,34.60723807869995,5.669759157077962
1300,4,-20.5834,33.926680000000005,5.934100000000001
1301,4,-21.125562914876866,33.730126935048666,6.247121901173799
1302,4,-21.66772582975373,33.533573870097335,6.560143802347596
1303,4,-22.209888744630597,33.337020805146004,6.873165703521394
1304,4,-22.752051659507462,33.14046774019467,7.186187604695192
1305,4,-23.294214574384327,32.94391467524334,7.49920950586899
1306,4,-23.836377489261192,32.747361610292,7.812231407042788
1307,4,-24.378540404138057,32.55080854534067,8.125253308216585
1308,4,-24.920703319014923,32.35425548038934,8.438275209390383
1309,4,-25.462866233891788,32.15770241543801,8.751297110564181
1310,4,-26.005029148768653,31.96114935048668,9.064319011737979
1311,4,-26.547192063645518,31.764596285535347,9.377340912911762
1312,4,-27.08935497852238,31.568043220584013,9.69036281408556
1313,4,-27.63151789339925,31.37149015563268,10.003384715259358
1314,4,-28.173680808276114,31.174937090681347,10.316406616433156
1315,4,-28.71584372315298,30.978384025730016,10.629428517606954
1316,4,-29.25800663802984,30.781830960778684,10.942450418780751
1317,4,-29.80016955290671,30.585277895827353,11.25547231995455
1318,4,-30.342332467783574,30.388724830876022,11.568494221128347
1319,4,-30.884495382660436,30.192171765924687,11.881516122302145
1320,4,-31.4266582975373,29.995618700973353,12.194538023475943
1321,4,-31.96882121241417,29.79906563602202,12.50755992464974
1322,4,-32.51098412729104,29.60251257107069,12.820581825823538
1323,4,-33.05314704216789,29.40595950611936,13.133603726997336
1324,4,-33.59530995704476,29.209406441168028,13.446625628171134
1325,4,-34.13747287192163,29.012853376216693,13.759647529344932
1326,4,-34.6796357867985,28.816300311265362,14.07266943051873
1327,4,-35.221798701675354,28.61974724631403,14.385691331692527
1328,4,-35.76396161655222,28.423194181362696,14.698713232866325
1329,4,-36.30612453142909,28.226641116411365,15.011735134040123
1330,4,-36.84828744630595,28.03008805146003,15.32475703521392
1331,4,-37.390450361182815,27.833534986508703,15.637778936387704
1332,4,-37.93261327605968,27.636981921557368,15.950800837561516
1333,4,-38.47477619093655,27.440428856606033,16.2638227387353
1334,4,-39.016939105813414,27.243875791654702,16.576844639909098
1335,4,-39.559102020690275,27.04732272670337,16.889866541082895
1336,4,-40.101264935567144,26.85076966175204,17.202888442256693
1337,4,-40.64342785044401,26.654216596800705,17.51591034343049
1338,4,-41.18559076532087,26.457663531849374,17.82893224460429
1339,4,-41.727753680197736,26.261110466898042,18.141954145778087
1340,4,-42.269916595074605,26.064557401946708,18.454976046951884
1341,4,-42.81207950995147,25.868004336995376,18.767997948125682
1342,4,-43.354242424828335,25.671451272044045,19.08101984929948
1343,4,-43.8964053397052,25.474898207092714,19.394041750473278
1344,4,-44.438568254582066,25.27834514214138,19.707063651647076
1345,4,-44.980731169458934,25.081792077190048,20.020085552820873
1346,4,-45.52289408433579,24.885239012238713,20.33310745399467
1347,4,-46.06505699921266,24.688685947287382,20.64612935516847
1348,4,-46.60721991408953,24.49213288233605,20.959151256342267
1349,4,-47.14938282896639,24.29557981738472,21.272173157516065
1350,4,-47.69154574384326,24.099026752433385,21.58519505868985
1351,4,-48.23370865872012,23.902473687482054,21.89821695986366
1352,4,-48.542500000000004,23.790526000000003,22.07650000000001
1353,4,-48.52407402243806,24.42934289369219,21.927738768799315
1354,4,-48.50564804487611,25.06815978738438,21.778977537598607
1355,4,-48.48722206731417,25.70697668107657,21.630216306397912
1356,4,-48.468796089752225,26.34579357476876,21.481455075197204
1357,4,-48.45037011219028,26.98461046846095,21.33269384399651
1358,4,-48.43194413462833,27.623427362153137,21.1839326127958
1359,4,-48.41351815706639,28.262244255845328,21.035171381595106
1360,4,-48.395092179504445,28.90106114953752,20.886410150394397
1361,4,-48.3766662019425,29.539878043229706,20.737648919193703
1362,4,-48.35824022438055,30.178694936921897,20.588887687993008
1363,4,-48.33981424681861,30.817511830614087,20.4401264567923
1364,4,-48.321388269256666,31.456328724306275,20.291365225591605
1365,4,-48.30296229169472,32.09514561799847,20.142603994390896
1366,4,-48.28453631413277,32.733962511690656,19.9938427631902
1367,4,-48.26611033657083,33.37277940538284,19.845081531989493
1368,4,-48.247684359008886,34.01159629907504,19.6963203007888
1369,4,-48.22925838144694,34.650413192767225,19.54755906958809
1370,4,-48.21083240388499,35.28923008645941,19.398797838387395
1371,4,-48.19240642632305,35.928046980151606,19.2500366071867
1372,4,-48.17398044876111,36.56686387384379,19.101275375985992
1373,4,-48.15555447119916,37.20568076753598,18.952514144785297
1374,4,-48.13712849363722,37.844497661228175,18.80375291358459
1375,4,-48.118702516075274,38.48331455492036,18.654991682383894
1376,4,-48.10027653851333,39.12213144861255,18.506230451183185
1377,4,-48.08185056095138,39.760948342304744,18.35746921998249
1378,4,-48.06342458338944,40.39976523599694,18.208707988781782
1379,4,-48.044998605827494,41.03858212968912,18.059946757581088
1380,4,-48.02657262826555,41.67739902338131,17.91118552638038
1381,4,-48.0081466507036,42.31621591707351,17.762424295179684
1382,4,-47.98972067314166,42.955032810765694,17.61366306397899
1383,4,-47.971294695579715,43.59384970445788,17.46490183277828
1384,4,-47.95286871801777,44.232666598150075,17.316140601577587
1385,4,-47.93444274045582,44.87148349184226,17.167379370376878
1386,4,-47.91601676289388,45.51030038553445,17.018618139176183
1387,4,-47.897590785331936,46.149117279226644,16.869856907975475
1388,4,-47.87916480776999,46.787934172918824,16.72109567677478
1389,4,-47.86073883020804,47.42675106661102,16.57233444557407
1390,4,-47.8423128526461,48.065567960303206,16.423573214373377
1391,4,-47.823886875084156,48.7043848539954,16.274811983172683
1392,4,-47.80546089752221,49.34320174768759,16.126050751971974
1393,4,-47.78703491996026,49.98201864137978,15.97728952077128
1394,4,-47.76860894239832,50.62083553507197,15.82852828957057
1395,4,-47.75018296483638,51.259652428764156,15.679767058369876
1396,4,-47.73175698727443,51.89846932245635,15.531005827169167
1397,4,-47.71333100971249,52.53728621614854,15.382244595968473
1398,4,-47.694905032150544,53.176103109840724,15.233483364767778
1399,4,-47.6764790545886,53.81492000353292,15.08472213356707
1400,4,-47.65805307702665,54.4537368972251,14.935960902366375
1401,4,-47.63962709946471,55.09255379091729,14.787199671165666
1402,4,-47.621201121902764,55.73137068460949,14.638438439964972
1403,4,-47.60277514434082,56.370187578301675,14.489677208764263
1404,4,-47.58434916677887,57.00900447199386,14.340915977563569
1405,4,-47.56592318921693,57.64782136568605,14.19215474636286
1406,4,-47.547497211654985,58.286638259378236,14.043393515162165
1407,4,-47.52907123409304,58.92545515307043,13.894632283961457
1408,4,-47.51064525653109,59.56427204676262,13.745871052760762
1409,4,-47.49221927896915,60.203088940454805,13.597109821560068
1410,4,-47.45906,61.3527,13.329400000000007
1411,4,-46.80664793756881,61.28387116739692,13.342724294381796
1412,4,-46.154235875137616,61.21504233479384,13.356048588763585
1413,4,-45.50182381270642,61.14621350219076,13.369372883145374
1414,4,-44.84941175027522,61.07738466958769,13.382697177527163
1415,4,-44.19699968784403,61.008555836984605,13.396021471908952
1416,4,-43.54458762541284,60.939727004381524,13.409345766290741
1417,4,-42.89217556298164,60.87089817177845,13.42267006067253
1418,4,-42.239763500550445,60.80206933917537,13.43599435505432
1419,4,-41.587351438119256,60.73324050657229,13.449318649436108
1420,4,-40.93493937568806,60.66441167396921,13.462642943817897
1421,4,-40.282527313256864,60.59558284136613,13.475967238199686
1422,4,-39.63011525082567,60.526754008763056,13.489291532581476
1423,4,-38.97770318839447,60.457925176159975,13.502615826963265
1424,4,-38.32529112596328,60.38909634355689,13.515940121345054
1425,4,-37.672879063532086,60.32026751095382,13.529264415726843
1426,4,-37.02046700110089,60.25143867835074,13.542588710108632
1427,4,-36.3680549386697,60.18260984574766,13.55591300449042
1428,4,-35.715642876238505,60.11378101314458,13.56923729887221
1429,4,-35.06323081380731,60.0449521805415,13.582561593253999
1430,4,-34.41081875137611,59.976123347938426,13.595885887635788
1431,4,-33.758406688944916,59.907294515335344,13.609210182017563
1432,4,-33.10599462651372,59.83846568273227,13.622534476399352
1433,4,-32.45358256408253,59.76963685012919,13.635858770781141
1434,4,-31.801170501651335,59.70080801752611,13.64918306516293
1435,4,-31.14875843922014,59.63197918492303,13.662507359544719
1436,4,-30.496346376788942,59.56315035231995,13.675831653926508
1437,4,-29.843934314357753,59.49432151971687,13.689155948308297
1438,4,-29.191522251926557,59.425492687113795,13.702480242690086
1439,4,-28.53911018949536,59.356663854510714,13.715804537071875
1440,4,-27.886698127064165,59.28783502190764,13.729128831453664
1441,4,-27.234286064632975,59.21900618930456,13.742453125835453
1442,4,-26.58187400220178,59.15017735670148,13.755777420217242
1443,4,-25.929461939770583,59.0813485240984,13.769101714599032
1444,4,-25.277049877339394,59.01251969149532,13.78242600898082
1445,4,-24.624637814908198,58.943690858892246,13.79575030336261
1446,4,-23.972225752477,58.874862026289165,13.809074597744399
1447,4,-23.319813690045812,58.80603319368608,13.822398892126188
1448,4,-22.667401627614616,58.73720436108301,13.835723186507977
1449,4,-22.01498956518342,58.66837552847993,13.849047480889766
1450,4,-21.362577502752224,58.59954669587685,13.862371775271555
1451,4,-20.710165440321028,58.53071786327377,13.875696069653344
1452,4,-20.05775337788984,58.46188903067069,13.889020364035133
1453,4,-19.405341315458642,58.393060198067616,13.902344658416922
1454,4,-18.752929253027446,58.324231365464534,13.915668952798711
1455,4,-18.10051719059625,58.25540253286145,13.9289932471805
1456,4,-17.448105128165054,58.18657370025838,13.94231754156229
1457,4,-16.795693065733865,58.1177448676553,13.955641835944078
1458,4,-16.14328100330267,58.04891603505222,13.968966130325867
1459,4,-15.490868940871472,57.98008720244914,13.982290424707656
1460,4,-14.838456878440276,57.91125836984606,13.995614719089446
1461,4,-14.18604481600908,57.842429537242985,14.008939013471235
1462,4,-13.533632753577884,57.773600704639904,14.022263307853024
1463,4,-12.881220691146687,57.70477187203683,14.035587602234813
1464,4,-12.228808628715505,57.63594303943375,14.048911896616602
1465,4,-11.57639656628431,57.56711420683067,14.06223619099839
1466,4,-10.923984503853113,57.49828537422759,14.07556048538018
1467,4,-10.271572441421917,57.42945654162451,14.088884779761969
1468,4,-9.61916037899072,57.36062770902143,14.102209074143758
1469,4,-8.966748316559524,57.291798876418355,14.115533368525547
1470,4,-8.314336254128328,57.22297004381527,14.128857662907336
1471,4,-7.661924191697146,57.1541412112122,14.142181957289111
1472,4,-7.00951212926595,57.08531237860912,14.1555062516709
1473,4,-6.357100066834754,57.016483546006036,14.168830546052689
1474,4,-5.7046880044035575,56.94765471340296,14.182154840434478
1475,4,-5.052275941972361,56.87882588079988,14.195479134816267
1476,4,-4.399863879541165,56.809997048196806,14.208803429198056
