Pixel_i,Module1,Module2,Node1,Node2,X,Y,Z
1,14,14,ERA,IRE,14.241692372640951,14.276553994227116,62.27263880578515
2,14,14,ERA,IRE,14.745361155281904,13.881076008454233,62.4157169815703
3,14,14,ERA,IRE,15.249029937922856,13.48559802268135,62.55879515735545
4,14,14,ERA,IRE,15.752698720563808,13.090120036908466,62.7018733331406
5,14,14,ERA,IRE,16.25636750320476,12.694642051135583,62.844951508925746
6,14,14,ERA,IRE,16.76003628584571,12.2991640653627,62.988029684710895
7,14,14,ERA,IRE,17.26370506848666,11.903686079589816,63.131107860496044
8,14,14,ERA,IRE,17.767373851127612,11.508208093816933,63.27418603628119
9,14,14,ERA,IRE,18.271042633768563,11.11273010804405,63.41726421206634
10,14,14,ERA,IRE,18.774711416409513,10.717252122271166,63.56034238785149
11,14,14,ERA,IRE,19.278380199050464,10.321774136498282,63.70342056363664
12,14,14,ERA,IRE,19.782048981691414,9.926296150725399,63.84649873942179
13,14,14,ERA,IRE,20.285717764332365,9.530818164952516,63.98957691520694
14,14,14,ERA,IRE,20.789386546973315,9.135340179179632,64.13265509099209
15,14,14,ERA,IRE,21.293055329614266,8.739862193406749,64.27573326677724
16,14,14,ERA,IRE,21.796724112255216,8.344384207633865,64.41881144256239
17,14,14,ERA,IRE,22.300392894896166,7.948906221860982,64.56188961834754
18,14,14,ERA,IRE,22.804061677537117,7.553428236088099,64.70496779413268
19,14,14,ERA,IRE,23.307730460178067,7.157950250315215,64.84804596991783
20,14,14,ERA,IRE,23.811399242819018,6.762472264542332,64.99112414570298
21,14,14,ERA,IRE,24.31506802545997,6.3669942787694485,65.13420232148813
22,14,14,ERA,IRE,24.81873680810092,5.971516292996565,65.27728049727328
23,14,14,ERA,IRE,25.32240559074187,5.576038307223682,65.42035867305843
24,14,14,ERA,IRE,25.82607437338282,5.180560321450798,65.56343684884358
25,14,14,ERA,IRE,26.32974315602377,4.785082335677915,65.70651502462873
26,14,14,ERA,IRE,26.83341193866472,4.3896043499050315,65.84959320041388
27,14,14,ERA,IRE,27.33708072130567,3.994126364132148,65.99267137619903
28,14,14,ERA,IRE,27.840749503946622,3.5986483783592647,66.13574955198418
29,14,14,ERA,IRE,28.344418286587572,3.2031703925863813,66.27882772776933
30,14,14,ERA,IRE,28.848087069228523,2.807692406813498,66.42190590355447
31,14,14,ERA,IRE,29.351755851869473,2.4122144210406145,66.56498407933962
32,14,14,ERA,IRE,29.855424634510424,2.016736435267731,66.70806225512477
33,14,14,ERA,IRE,30.359093417151374,1.6212584494948479,66.85114043090992
34,14,14,ERA,IRE,30.862762199792325,1.2257804637219647,66.99421860669507
35,14,14,ERA,IRE,31.366430982433275,0.8303024779490815,67.13729678248022
36,14,14,ERA,IRE,31.870099765074226,0.43482449217619834,67.28037495826537
37,14,14,ERA,IRE,32.37376854771518,0.03934650640331516,67.42345313405052
38,14,14,ERA,IRE,32.87743733035613,-0.356131479369568,67.56653130983567
39,14,14,ERA,IRE,33.38110611299708,-0.7516094651424512,67.70960948562082
40,14,14,ERA,IRE,33.88477489563803,-1.1470874509153344,67.85268766140597
41,14,14,ERA,IRE,34.38844367827898,-1.5425654366882176,67.99576583719112
42,14,14,ERA,IRE,34.89211246091993,-1.9380434224611007,68.13884401297626
43,14,14,ERA,IRE,35.39578124356088,-2.3335214082339837,68.28192218876141
44,14,14,ERA,IRE,35.89945002620183,-2.728999394006867,68.42500036454656
45,14,14,ERA,IRE,36.403118808842784,-3.1244773797797505,68.56807854033171
46,14,14,ERA,IRE,36.906787591483734,-3.519955365552634,68.71115671611686
47,14,14,ERA,RIB,13.423339802489332,14.262249631324124,62.534046704934134
48,14,14,ERA,RIB,13.108656014978665,13.852467282648249,62.93853277986827
49,14,14,ERA,RIB,12.793972227467998,13.442684933972373,63.3430188548024
50,14,14,ERA,RIB,12.479288439957331,13.032902585296497,63.747504929736536
51,14,14,ERA,RIB,12.164604652446664,12.623120236620622,64.15199100467068
52,14,14,ERA,RIB,11.849920864935997,12.213337887944746,64.55647707960482
53,14,14,ERA,RIB,11.53523707742533,11.80355553926887,64.96096315453896
54,14,14,ERA,RIB,11.220553289914664,11.393773190592995,65.3654492294731
55,14,14,ERA,RIB,10.905869502403997,10.98399084191712,65.76993530440724
56,14,14,ERA,RIB,10.59118571489333,10.574208493241244,66.17442137934138
57,14,14,ERA,RIB,10.276501927382663,10.164426144565368,66.57890745427552
58,14,14,ERA,RIB,9.961818139871996,9.754643795889493,66.98339352920966
59,14,14,ERA,RIB,9.647134352361329,9.344861447213617,67.3878796041438
60,14,14,ERA,RIB,9.332450564850662,8.935079098537742,67.79236567907795
61,14,14,ERA,RIB,9.017766777339995,8.525296749861866,68.19685175401209
62,14,14,ERA,RIB,8.703082989829328,8.11551440118599,68.60133782894623
63,14,14,ERA,RIB,8.388399202318661,7.705732052510114,69.00582390388037
64,14,14,ERA,RIB,8.073715414807994,7.295949703834237,69.41030997881451
65,14,14,ERA,RIB,7.759031627297327,6.886167355158361,69.81479605374865
66,14,14,ERA,RIB,7.44434783978666,6.476385006482484,70.21928212868279
67,14,14,ERA,RIB,7.129664052275993,6.066602657806608,70.62376820361693
68,14,14,ERA,RIB,6.814980264765326,5.656820309130731,71.02825427855107
69,14,14,ERA,RIB,6.500296477254659,5.247037960454855,71.43274035348522
70,14,14,ERA,RIB,6.1856126897439925,4.8372556117789784,71.83722642841936
71,14,14,ERA,RIB,5.8709289022333255,4.427473263103102,72.2417125033535
72,14,14,ERA,RIB,5.556245114722659,4.0176909144272255,72.64619857828764
73,14,14,ERA,RIB,5.241561327211992,3.6079085657513494,73.05068465322178
74,14,14,ERA,RIB,4.926877539701325,3.1981262170754734,73.45517072815592
75,14,14,ERA,RIB,4.612193752190658,2.7883438683995974,73.85965680309006
76,14,14,ERA,RIB,4.297509964679991,2.3785615197237213,74.2641428780242
77,14,14,ERA,RIB,3.982826177169324,1.968779171047845,74.66862895295834
78,14,14,ERA,RIB,3.668142389658657,1.5589968223719688,75.07311502789248
79,14,14,ERA,RIB,3.35345860214799,1.1492144736960925,75.47760110282663
80,14,14,ERA,RIB,3.038774814637323,0.7394321250202163,75.88208717776077
81,14,14,ERA,RIB,2.724091027126656,0.32964977634434006,76.28657325269491
82,14,14,ERA,RIB,2.409407239615989,-0.08013257233153614,76.69105932762905
83,14,14,ERA,RIB,2.094723452105322,-0.48991492100741235,77.09554540256319
84,14,14,ERA,RIB,1.7800396645946552,-0.8996972696832886,77.50003147749733
85,14,14,ERA,RIB,1.4653558770839883,-1.3094796183591648,77.90451755243147
86,14,14,ERA,RIB,1.1506720895733213,-1.719261967035041,78.30900362736561
87,14,14,ERA,RIB,0.8359883020626543,-2.1290443157109173,78.71348970229975
88,14,14,ERA,RIB,0.5213045145519872,-2.5388266643867934,79.1179757772339
89,14,14,ERA,GIG,14.128553035567927,14.166832036598539,61.97851026238851
90,14,14,ERA,GIG,14.519082481135856,13.661632093197078,61.82745989477702
91,14,14,ERA,GIG,14.909611926703784,13.156432149795616,61.67640952716553
92,14,14,ERA,GIG,15.300141372271712,12.651232206394155,61.52535915955404
93,14,14,ERA,GIG,15.69067081783964,12.146032262992694,61.37430879194255
94,14,14,ERA,GIG,16.08120026340757,11.640832319591233,61.223258424331064
95,14,14,ERA,GIG,16.4717297089755,11.135632376189772,61.072208056719575
96,14,14,ERA,GIG,16.862259154543427,10.63043243278831,60.921157689108085
97,14,14,ERA,GIG,17.252788600111355,10.12523248938685,60.770107321496596
98,14,14,ERA,GIG,17.643318045679283,9.620032545985389,60.61905695388511
99,14,14,ERA,GIG,18.03384749124721,9.114832602583927,60.46800658627362
100,14,14,ERA,GIG,18.42437693681514,8.609632659182466,60.31695621866213
101,14,14,ERA,GIG,18.814906382383068,8.104432715781005,60.16590585105064
102,14,14,ERA,GIG,19.205435827950996,7.599232772379543,60.01485548343915
103,14,14,ERA,GIG,19.595965273518924,7.094032828978081,59.86380511582766
104,14,14,ERA,GIG,19.986494719086853,6.588832885576619,59.71275474821617
105,14,14,ERA,GIG,20.37702416465478,6.083632942175157,59.56170438060468
106,14,14,ERA,GIG,20.76755361022271,5.578432998773695,59.41065401299319
107,14,14,ERA,GIG,21.158083055790637,5.073233055372233,59.2596036453817
108,14,14,ERA,GIG,21.548612501358566,4.568033111970771,59.10855327777021
109,14,14,ERA,GIG,21.939141946926494,4.062833168569309,58.95750291015872
110,14,14,ERA,GIG,22.329671392494422,3.557633225167847,58.806452542547234
111,14,14,ERA,GIG,22.72020083806235,3.052433281766385,58.655402174935745
112,14,14,ERA,GIG,23.11073028363028,2.547233338364923,58.504351807324255
113,14,14,ERA,GIG,23.501259729198207,2.042033394963461,58.353301439712766
114,14,14,ERA,GIG,23.891789174766135,1.536833451561999,58.20225107210128
115,14,14,ERA,GIG,24.282318620334063,1.031633508160537,58.05120070448979
116,14,14,ERA,GIG,24.67284806590199,0.526433564759075,57.9001503368783
117,14,14,ERA,GIG,25.06337751146992,0.021233621357612975,57.74909996926681
118,14,14,ERA,GIG,25.453906957037848,-0.48396632204384904,57.59804960165532
119,14,14,ERA,GIG,25.844436402605776,-0.989166265445311,57.44699923404383
120,14,14,ERA,GIG,26.234965848173704,-1.494366208846773,57.29594886643234
121,14,14,ERA,GIG,26.625495293741633,-1.999566152248235,57.14489849882085
122,14,14,ERA,GIG,27.01602473930956,-2.504766095649697,56.99384813120936
123,14,14,ERA,GIG,27.40655418487749,-3.009966039051159,56.84279776359787
124,14,14,ERA,GIG,27.797083630445417,-3.515165982452621,56.69174739598638
125,14,14,ERA,GIG,28.187613076013346,-4.020365925854083,56.54069702837489
126,14,14,ERA,GIG,28.578142521581274,-4.525565869255545,56.389646660763404
127,14,14,ERA,GIG,28.968671967149202,-5.030765812657007,56.238596293151915
128,14,14,ERA,GIG,29.35920141271713,-5.535965756058469,56.087545925540425
129,14,14,ERA,GIG,29.74973085828506,-6.041165699459931,55.936495557928936
130,14,14,ERA,GIG,30.140260303852987,-6.546365642861393,55.785445190317446
131,14,14,ERA,GIG,30.530789749420915,-7.051565586262855,55.63439482270596
132,14,14,ERA,GIG,30.921319194988843,-7.556765529664317,55.48334445509447
133,14,14,ERA,GIG,31.31184864055677,-8.06196547306578,55.33229408748298
134,14,14,ERA,GIG,31.7023780861247,-8.56716541646724,55.18124371987149
135,14,14,ERA,GIG,32.09290753169263,-9.072365359868702,55.03019335226
136,14,14,ERA,GIG,32.48343697726056,-9.577565303270163,54.87914298464851
137,14,14,ERA,GIG,32.87396642282849,-10.082765246671624,54.72809261703702
138,14,14,ERA,GIG,33.264495868396416,-10.587965190073085,54.57704224942553
139,14,14,ERA,GIG,33.655025313964344,-11.093165133474546,54.42599188181404
140,14,14,ERA,GIG,34.04555475953227,-11.598365076876007,54.27494151420255
141,14,14,ERA,GIG,34.4360842051002,-12.103565020277468,54.12389114659106
142,14,14,ERA,GIG,34.82661365066813,-12.60876496367893,53.972840778979574
143,14,14,ERA,GIG,35.21714309623606,-13.11396490708039,53.821790411368085
144,14,14,ERA,GIG,35.607672541803986,-13.619164850481852,53.670740043756595
145,14,14,ERA,GIG,35.998201987371914,-14.124364793883313,53.519689676145106
146,14,14,ERA,GIG,36.38873143293984,-14.629564737284774,53.368639308533616
147,14,14,ERA,GIG,36.77926087850777,-15.134764680686235,53.21758894092213
148,14,14,ERA,GIG,37.1697903240757,-15.639964624087696,53.06653857331064
149,14,14,ERA,GIG,37.56031976964363,-16.145164567489157,52.91548820569915
150,14,14,ERA,GIG,37.950849215211555,-16.65036451089062,52.76443783808766
151,14,14,ERA,GIG,38.34137866077948,-17.15556445429208,52.61338747047617
152,14,14,ERA,GIG,38.73190810634741,-17.66076439769354,52.46233710286468
153,14,14,ERA,GIG,39.12243755191534,-18.165964341095002,52.31128673525319
154,14,14,ERA,GIG,39.51296699748327,-18.671164284496463,52.1602363676417
155,14,14,ERA,GIG,39.903496443051196,-19.176364227897924,52.00918600003021
156,14,14,ERA,GIG,40.294025888619124,-19.681564171299385,51.85813563241872
157,14,14,ERA,GIG,40.68455533418705,-20.186764114700846,51.70708526480723
158,14,14,ERA,GIG,41.07508477975498,-20.691964058102307,51.556034897195744
159,14,14,ERA,GIG,41.46561422532291,-21.19716400150377,51.404984529584254
160,14,14,ERA,GIG,41.85614367089084,-21.70236394490523,51.253934161972765
161,14,14,ERA,GIG,42.246673116458766,-22.20756388830669,51.102883794361276
162,14,14,ERA,LAW,13.682925936399053,14.020627107960937,62.186061828885
163,14,14,ERA,LAW,13.627828282798108,13.369222235921875,62.242563027770004
164,14,14,ERA,LAW,13.572730629197162,12.717817363882812,62.299064226655005
165,14,14,ERA,LAW,13.517632975596216,12.06641249184375,62.35556542554001
166,14,14,ERA,LAW,13.46253532199527,11.415007619804687,62.41206662442501
167,14,14,ERA,LAW,13.407437668394325,10.763602747765624,62.46856782331001
168,14,14,ERA,LAW,13.352340014793379,10.112197875726562,62.52506902219501
169,14,14,ERA,LAW,13.297242361192433,9.460793003687499,62.581570221080014
170,14,14,ERA,LAW,13.242144707591487,8.809388131648436,62.638071419965016
171,14,14,ERA,LAW,13.187047053990542,8.157983259609374,62.69457261885002
172,14,14,ERA,LAW,13.131949400389596,7.506578387570311,62.75107381773502
173,14,14,ERA,LAW,13.07685174678865,6.8551735155312485,62.80757501662002
174,14,14,ERA,LAW,13.021754093187704,6.203768643492186,62.86407621550502
175,14,14,ERA,LAW,12.966656439586759,5.552363771453123,62.920577414390024
176,14,14,ERA,LAW,12.911558785985813,4.900958899414061,62.977078613275026
177,14,14,ERA,LAW,12.856461132384867,4.249554027374998,63.03357981216003
178,14,14,ERA,LAW,12.801363478783921,3.598149155335935,63.09008101104503
179,14,14,ERA,LAW,12.746265825182975,2.946744283296872,63.14658220993003
180,14,14,ERA,LAW,12.69116817158203,2.295339411257809,63.20308340881503
181,14,14,ERA,LAW,12.636070517981084,1.6439345392187459,63.259584607700035
182,14,14,ERA,LAW,12.580972864380138,0.9925296671796829,63.316085806585036
183,14,14,ERA,LAW,12.525875210779192,0.34112479514062,63.37258700547004
184,14,14,ERA,LAW,12.470777557178247,-0.31028007689844295,63.42908820435504
185,14,14,ERA,LAW,12.415679903577301,-0.9616849489375059,63.48558940324004
186,14,14,ERA,LAW,12.360582249976355,-1.613089820976569,63.54209060212504
187,14,14,ERA,LAW,12.30548459637541,-2.264494693015632,63.598591801010045
188,14,14,ERA,LAW,12.250386942774464,-2.915899565054695,63.65509299989505
189,14,14,ERA,LAW,12.195289289173518,-3.567304437093758,63.71159419878005
190,14,14,ERA,LAW,12.140191635572572,-4.218709309132821,63.76809539766505
191,14,14,ERA,LAW,12.085093981971626,-4.870114181171884,63.82459659655005
192,14,14,ERA,LAW,12.02999632837068,-5.521519053210946,63.88109779543505
193,14,14,ERA,LAW,11.974898674769735,-6.172923925250009,63.937598994320055
194,14,14,ERA,LAW,11.919801021168789,-6.824328797289072,63.99410019320506
195,14,14,ERA,LAW,11.864703367567843,-7.475733669328134,64.05060139209006
196,14,14,ERA,LAW,11.809605713966898,-8.127138541367197,64.10710259097506
197,14,14,ERA,LAW,11.754508060365952,-8.77854341340626,64.16360378986006
198,14,14,ERA,LAW,11.699410406765006,-9.429948285445322,64.22010498874506
199,14,14,ERA,LAW,11.64431275316406,-10.081353157484385,64.27660618763007
200,14,14,ERA,LAW,11.589215099563114,-10.732758029523447,64.33310738651507
201,14,14,ERA,LAW,11.534117445962169,-11.38416290156251,64.38960858540007
202,14,14,ERA,LAW,11.479019792361223,-12.035567773601572,64.44610978428507
203,14,14,ERA,LAW,11.423922138760277,-12.686972645640635,64.50261098317007
204,14,14,ERA,LAW,11.368824485159331,-13.338377517679698,64.55911218205507
205,14,14,ERA,LAW,11.313726831558386,-13.98978238971876,64.61561338094008
206,14,14,ERA,LAW,11.25862917795744,-14.641187261757823,64.67211457982508
207,14,14,ERA,LAW,11.203531524356494,-15.292592133796886,64.72861577871008
208,14,14,ERA,LAW,11.148433870755548,-15.943997005835948,64.78511697759508
209,14,14,ERA,LAW,11.093336217154603,-16.595401877875013,64.84161817648008
210,14,14,ERA,LAW,11.038238563553657,-17.246806749914075,64.89811937536508
211,14,14,ERA,LAW,10.983140909952711,-17.898211621953138,64.95462057425009
212,14,14,ERA,LAW,10.928043256351765,-18.5496164939922,65.01112177313509
213,14,14,ERA,LAW,10.87294560275082,-19.201021366031263,65.06762297202009
214,14,14,ERA,LAW,10.817847949149874,-19.852426238070326,65.12412417090509
215,14,14,ERA,LAW,10.762750295548928,-20.503831110109388,65.18062536979009
216,14,14,ERA,LAW,10.707652641947982,-21.15523598214845,65.2371265686751
217,14,14,ERA,LAW,10.652554988347037,-21.806640854187513,65.2936277675601
218,14,14,ERA,LAW,10.59745733474609,-22.458045726226576,65.3501289664451
219,14,14,ERA,LAW,10.542359681145145,-23.10945059826564,65.4066301653301
220,14,14,ERA,LAW,10.4872620275442,-23.7608554703047,65.4631313642151
221,14,14,ERA,LAW,10.432164373943253,-24.412260342343764,65.5196325631001
222,14,14,ERA,LAW,10.377066720342308,-25.063665214382826,65.5761337619851
223,14,14,ERA,LAW,10.321969066741362,-25.71507008642189,65.6326349608701
224,14,14,ERA,LAW,10.266871413140416,-26.36647495846095,65.68913615975511
225,14,14,ERA,LAW,10.21177375953947,-27.017879830500014,65.74563735864011
226,14,14,EVE,LAW,30.379129403666038,-40.91051082033115,69.49000234866931
227,14,14,EVE,LAW,29.847063217332078,-40.5395416206623,69.39078606733861
228,14,14,EVE,LAW,29.314997030998118,-40.16857242099345,69.29156978600791
229,14,14,EVE,LAW,28.782930844664158,-39.7976032213246,69.19235350467721
230,14,14,EVE,LAW,28.250864658330197,-39.42663402165575,69.09313722334652
231,14,14,EVE,LAW,27.718798471996237,-39.0556648219869,68.99392094201582
232,14,14,EVE,LAW,27.186732285662277,-38.68469562231805,68.89470466068512
233,14,14,EVE,LAW,26.654666099328317,-38.313726422649204,68.79548837935442
234,14,14,EVE,LAW,26.122599912994357,-37.942757222980354,68.69627209802373
235,14,14,EVE,LAW,25.590533726660396,-37.571788023311505,68.59705581669303
236,14,14,EVE,LAW,25.058467540326436,-37.200818823642656,68.49783953536233
237,14,14,EVE,LAW,24.526401353992476,-36.82984962397381,68.39862325403163
238,14,14,EVE,LAW,23.994335167658516,-36.45888042430496,68.29940697270094
239,14,14,EVE,LAW,23.462268981324556,-36.08791122463611,68.20019069137024
240,14,14,EVE,LAW,22.930202794990596,-35.71694202496726,68.10097441003954
241,14,14,EVE,LAW,22.398136608656635,-35.34597282529841,68.00175812870884
242,14,14,EVE,LAW,21.866070422322675,-34.97500362562956,67.90254184737815
243,14,14,EVE,LAW,21.334004235988715,-34.60403442596071,67.80332556604745
244,14,14,EVE,LAW,20.801938049654755,-34.23306522629186,67.70410928471675
245,14,14,EVE,LAW,20.269871863320795,-33.862096026623014,67.60489300338605
246,14,14,EVE,LAW,19.737805676986834,-33.491126826954165,67.50567672205536
247,14,14,EVE,LAW,19.205739490652874,-33.120157627285316,67.40646044072466
248,14,14,EVE,LAW,18.673673304318914,-32.74918842761647,67.30724415939396
249,14,14,EVE,LAW,18.141607117984954,-32.37821922794762,67.20802787806326
250,14,14,EVE,LAW,17.609540931650994,-32.00725002827877,67.10881159673256
251,14,14,EVE,LAW,17.077474745317033,-31.636280828609923,67.00959531540187
252,14,14,EVE,LAW,16.545408558983073,-31.265311628941078,66.91037903407117
253,14,14,EVE,LAW,16.013342372649113,-30.894342429272232,66.81116275274047
254,14,14,EVE,LAW,15.481276186315155,-30.523373229603386,66.71194647140977
255,14,14,EVE,LAW,14.949209999981196,-30.15240402993454,66.61273019007908
256,14,14,EVE,LAW,14.417143813647238,-29.781434830265695,66.51351390874838
257,14,14,EVE,LAW,13.88507762731328,-29.41046563059685,66.41429762741768
258,14,14,EVE,LAW,13.353011440979321,-29.039496430928004,66.31508134608698
259,14,14,EVE,LAW,12.820945254645363,-28.66852723125916,66.21586506475629
260,14,14,EVE,LAW,12.288879068311404,-28.297558031590313,66.11664878342559
261,14,14,EVE,LAW,11.756812881977446,-27.926588831921467,66.01743250209489
262,14,14,EVE,LAW,11.224746695643487,-27.555619632252622,65.9182162207642
263,14,14,EVE,LAW,10.692680509309529,-27.184650432583776,65.8189999394335
264,14,14,EVE,LAW,10.16061432297557,-26.81368123291493,65.7197836581028
265,14,14,EVE,OLD,30.353959224163678,-41.62539715165104,69.63123152528762
266,14,14,EVE,OLD,29.796722858327357,-41.96931428330209,69.67324442057523
267,14,14,EVE,OLD,29.239486492491036,-42.31323141495314,69.71525731586284
268,14,14,EVE,OLD,28.682250126654715,-42.65714854660418,69.75727021115046
269,14,14,EVE,OLD,28.125013760818394,-43.00106567825523,69.79928310643807
270,14,14,EVE,OLD,27.567777394982073,-43.34498280990628,69.84129600172568
271,14,14,EVE,OLD,27.010541029145752,-43.688899941557324,69.8833088970133
272,14,14,EVE,OLD,26.45330466330943,-44.03281707320837,69.9253217923009
273,14,14,EVE,OLD,25.89606829747311,-44.37673420485942,69.96733468758852
274,14,14,EVE,OLD,25.33883193163679,-44.720651336510464,70.00934758287613
275,14,14,EVE,OLD,24.78159556580047,-45.06456846816151,70.05136047816374
276,14,14,EVE,OLD,24.224359199964148,-45.40848559981256,70.09337337345136
277,14,14,EVE,OLD,23.667122834127827,-45.752402731463604,70.13538626873897
278,14,14,EVE,OLD,23.109886468291506,-46.09631986311465,70.17739916402658
279,14,14,EVE,OLD,22.552650102455186,-46.4402369947657,70.2194120593142
280,14,14,EVE,OLD,21.995413736618865,-46.784154126416745,70.26142495460181
281,14,14,EVE,OLD,21.438177370782544,-47.12807125806779,70.30343784988942
282,14,14,EVE,OLD,20.880941004946223,-47.47198838971884,70.34545074517703
283,14,14,EVE,OLD,20.323704639109902,-47.815905521369885,70.38746364046465
284,14,14,EVE,OLD,19.76646827327358,-48.15982265302093,70.42947653575226
285,14,14,EVE,OLD,19.20923190743726,-48.50373978467198,70.47148943103987
286,14,14,EVE,OLD,18.65199554160094,-48.847656916323025,70.51350232632748
287,14,14,EVE,OLD,18.09475917576462,-49.19157404797407,70.5555152216151
288,14,14,EVE,OLD,17.537522809928298,-49.53549117962512,70.59752811690271
289,14,14,EVE,OLD,16.980286444091977,-49.879408311276165,70.63954101219032
290,14,14,EVE,OLD,16.423050078255656,-50.22332544292721,70.68155390747793
291,14,14,EVE,OLD,15.865813712419335,-50.56724257457826,70.72356680276555
292,14,14,EVE,OLD,15.308577346583014,-50.911159706229306,70.76557969805316
293,14,14,EVE,OLD,14.751340980746694,-51.25507683788035,70.80759259334077
294,14,14,EVE,OLD,14.194104614910373,-51.5989939695314,70.84960548862838
295,14,14,EVE,OLD,13.636868249074052,-51.942911101182446,70.891618383916
296,14,14,EVE,OLD,13.079631883237731,-52.28682823283349,70.93363127920361
297,14,14,EVE,OLD,12.52239551740141,-52.63074536448454,70.97564417449122
298,14,14,EVE,OLD,11.96515915156509,-52.974662496135586,71.01765706977883
299,14,14,EVE,OLD,11.407922785728768,-53.31857962778663,71.05966996506645
300,14,14,EVE,OLD,10.850686419892448,-53.66249675943768,71.10168286035406
301,14,14,EVE,OLD,10.293450054056127,-54.00641389108873,71.14369575564167
302,14,14,EVE,OLD,9.736213688219806,-54.35033102273977,71.18570865092929
303,14,14,EVE,OLD,9.178977322383485,-54.69424815439082,71.2277215462169
304,14,14,EVE,OLD,8.621740956547164,-55.03816528604187,71.26973444150451
305,14,14,EVE,OLD,8.064504590710843,-55.382082417692914,71.31174733679212
306,14,14,EVE,OLD,7.507268224874522,-55.72599954934396,71.35376023207974
307,14,14,EVE,OLD,6.9500318590382015,-56.06991668099501,71.39577312736735
308,14,14,EVE,OLD,6.392795493201881,-56.413833812646054,71.43778602265496
309,14,14,EVE,OLD,5.83555912736556,-56.7577509442971,71.47979891794257
310,14,14,EVE,OLD,5.278322761529239,-57.10166807594815,71.52181181323019
311,14,14,EVE,OLD,4.721086395692918,-57.445585207599194,71.5638247085178
312,14,14,EVE,OLD,4.163850029856597,-57.78950233925024,71.60583760380541
313,14,14,EVE,OLD,3.606613664020276,-58.13341947090129,71.64785049909302
314,14,14,EVE,OLD,3.0493772981839546,-58.477336602552334,71.68986339438064
315,14,14,EVE,OLD,2.4921409323476333,-58.82125373420338,71.73187628966825
316,14,14,EVE,OLD,1.934904566511312,-59.16517086585443,71.77388918495586
317,14,14,EVE,OLD,1.3776682006749907,-59.509087997505475,71.81590208024348
318,14,14,EVE,OLD,0.8204318348386695,-59.85300512915652,71.85791497553109
319,14,14,EVE,OLD,0.26319546900234836,-60.19692226080757,71.8999278708187
320,14,14,EVE,OLD,-0.29404089683397283,-60.540839392458615,71.94194076610631
321,14,14,EVE,OLD,-0.851277262670294,-60.88475652410966,71.98395366139393
322,14,14,EVE,GIG,31.16154121273593,-40.840556011039894,69.17272189324987
323,14,14,EVE,GIG,31.41188683547186,-40.39963200207979,68.75622515649974
324,14,14,EVE,GIG,31.662232458207793,-39.95870799311969,68.3397284197496
325,14,14,EVE,GIG,31.912578080943725,-39.517783984159585,67.92323168299947
326,14,14,EVE,GIG,32.16292370367965,-39.07685997519948,67.50673494624934
327,14,14,EVE,GIG,32.41326932641558,-38.63593596623938,67.0902382094992
328,14,14,EVE,GIG,32.66361494915151,-38.19501195727928,66.67374147274907
329,14,14,EVE,GIG,32.913960571887436,-37.754087948319174,66.25724473599894
330,14,14,EVE,GIG,33.164306194623364,-37.31316393935907,65.8407479992488
331,14,14,EVE,GIG,33.41465181735929,-36.87223993039897,65.42425126249867
332,14,14,EVE,GIG,33.66499744009522,-36.431315921438866,65.00775452574854
333,14,14,EVE,GIG,33.91534306283115,-35.99039191247876,64.5912577889984
334,14,14,EVE,GIG,34.165688685567076,-35.54946790351866,64.17476105224827
335,14,14,EVE,GIG,34.416034308303004,-35.10854389455856,63.75826431549814
336,14,14,EVE,GIG,34.66637993103893,-34.667619885598455,63.341767578748005
337,14,14,EVE,GIG,34.91672555377486,-34.22669587663835,62.92527084199787
338,14,14,EVE,GIG,35.16707117651079,-33.78577186767825,62.50877410524774
339,14,14,EVE,GIG,35.417416799246716,-33.34484785871815,62.092277368497605
340,14,14,EVE,GIG,35.667762421982644,-32.903923849758044,61.67578063174747
341,14,14,EVE,GIG,35.91810804471857,-32.46299984079794,61.25928389499734
342,14,14,EVE,GIG,36.1684536674545,-32.02207583183784,60.842787158247205
343,14,14,EVE,GIG,36.41879929019043,-31.581151822877732,60.42629042149707
344,14,14,EVE,GIG,36.669144912926356,-31.140227813917626,60.00979368474694
345,14,14,EVE,GIG,36.919490535662284,-30.69930380495752,59.593296947996805
346,14,14,EVE,GIG,37.16983615839821,-30.258379795997413,59.17680021124667
347,14,14,EVE,GIG,37.42018178113414,-29.817455787037307,58.76030347449654
348,14,14,EVE,GIG,37.67052740387007,-29.3765317780772,58.343806737746405
349,14,14,EVE,GIG,37.920873026605996,-28.935607769117095,57.92731000099627
350,14,14,EVE,GIG,38.171218649341924,-28.49468376015699,57.51081326424614
351,14,14,EVE,GIG,38.42156427207785,-28.053759751196882,57.094316527496005
352,14,14,EVE,GIG,38.67190989481378,-27.612835742236776,56.67781979074587
353,14,14,EVE,GIG,38.92225551754971,-27.17191173327667,56.26132305399574
354,14,14,EVE,GIG,39.172601140285636,-26.730987724316563,55.844826317245605
355,14,14,EVE,GIG,39.422946763021564,-26.290063715356457,55.42832958049547
356,14,14,EVE,GIG,39.67329238575749,-25.84913970639635,55.01183284374534
357,14,14,EVE,GIG,39.92363800849342,-25.408215697436244,54.595336106995205
358,14,14,EVE,GIG,40.17398363122935,-24.967291688476138,54.17883937024507
359,14,14,EVE,GIG,40.424329253965276,-24.52636767951603,53.76234263349494
360,14,14,EVE,GIG,40.674674876701204,-24.085443670555925,53.345845896744805
361,14,14,EVE,GIG,40.92502049943713,-23.64451966159582,52.92934915999467
362,14,14,EVE,GIG,41.17536612217306,-23.203595652635713,52.51285242324454
363,14,14,EVE,GIG,41.42571174490899,-22.762671643675606,52.096355686494405
364,14,14,EVE,GIG,41.676057367644916,-22.3217476347155,51.67985894974427
365,14,14,EVE,GIG,41.92640299038084,-21.880823625755394,51.26336221299414
366,14,14,EVE,GIG,42.17674861311677,-21.439899616795287,50.846865476244005
367,14,14,EVE,IRE,31.00562920043811,-40.63236894090382,69.57208549140206
368,14,14,EVE,IRE,31.100062810876224,-39.98325786180764,69.55495235280412
369,14,14,EVE,IRE,31.194496421314337,-39.33414678271146,69.53781921420618
370,14,14,EVE,IRE,31.28893003175245,-38.68503570361528,69.52068607560824
371,14,14,EVE,IRE,31.383363642190563,-38.0359246245191,69.5035529370103
372,14,14,EVE,IRE,31.477797252628676,-37.38681354542292,69.48641979841236
373,14,14,EVE,IRE,31.57223086306679,-36.73770246632674,69.46928665981441
374,14,14,EVE,IRE,31.666664473504902,-36.08859138723056,69.45215352121647
375,14,14,EVE,IRE,31.761098083943015,-35.43948030813438,69.43502038261853
376,14,14,EVE,IRE,31.855531694381128,-34.7903692290382,69.41788724402059
377,14,14,EVE,IRE,31.94996530481924,-34.14125814994202,69.40075410542265
378,14,14,EVE,IRE,32.044398915257354,-33.49214707084584,69.38362096682471
379,14,14,EVE,IRE,32.13883252569546,-32.84303599174966,69.36648782822677
380,14,14,EVE,IRE,32.23326613613358,-32.19392491265348,69.34935468962883
381,14,14,EVE,IRE,32.327699746571696,-31.5448138335573,69.33222155103088
382,14,14,EVE,IRE,32.42213335700981,-30.89570275446112,69.31508841243294
383,14,14,EVE,IRE,32.51656696744793,-30.24659167536494,69.297955273835
384,14,14,EVE,IRE,32.611000577886045,-29.59748059626876,69.28082213523706
385,14,14,EVE,IRE,32.70543418832416,-28.94836951717258,69.26368899663912
386,14,14,EVE,IRE,32.79986779876228,-28.2992584380764,69.24655585804118
387,14,14,EVE,IRE,32.894301409200395,-27.65014735898022,69.22942271944324
388,14,14,EVE,IRE,32.98873501963851,-27.00103627988404,69.2122895808453
389,14,14,EVE,IRE,33.08316863007663,-26.35192520078786,69.19515644224735
390,14,14,EVE,IRE,33.177602240514744,-25.70281412169168,69.17802330364941
391,14,14,EVE,IRE,33.27203585095286,-25.0537030425955,69.16089016505147
392,14,14,EVE,IRE,33.36646946139098,-24.40459196349932,69.14375702645353
393,14,14,EVE,IRE,33.460903071829094,-23.75548088440314,69.12662388785559
394,14,14,EVE,IRE,33.55533668226721,-23.10636980530696,69.10949074925765
395,14,14,EVE,IRE,33.64977029270533,-22.45725872621078,69.0923576106597
396,14,14,EVE,IRE,33.74420390314344,-21.808147647114602,69.07522447206176
397,14,14,EVE,IRE,33.83863751358156,-21.159036568018422,69.05809133346382
398,14,14,EVE,IRE,33.933071124019676,-20.509925488922242,69.04095819486588
399,14,14,EVE,IRE,34.02750473445779,-19.860814409826062,69.02382505626794
400,14,14,EVE,IRE,34.12193834489591,-19.211703330729883,69.00669191767
401,14,14,EVE,IRE,34.216371955334026,-18.562592251633703,68.98955877907206
402,14,14,EVE,IRE,34.31080556577214,-17.913481172537523,68.97242564047411
403,14,14,EVE,IRE,34.40523917621026,-17.264370093441343,68.95529250187617
404,14,14,EVE,IRE,34.499672786648375,-16.615259014345163,68.93815936327823
405,14,14,EVE,IRE,34.59410639708649,-15.966147935248983,68.92102622468029
406,14,14,EVE,IRE,34.68854000752461,-15.317036856152804,68.90389308608235
407,14,14,EVE,IRE,34.782973617962725,-14.667925777056624,68.8867599474844
408,14,14,EVE,IRE,34.87740722840084,-14.018814697960444,68.86962680888647
409,14,14,EVE,IRE,34.97184083883896,-13.369703618864264,68.85249367028852
410,14,14,EVE,IRE,35.066274449277074,-12.720592539768084,68.83536053169058
411,14,14,EVE,IRE,35.16070805971519,-12.071481460671905,68.81822739309264
412,14,14,EVE,IRE,35.25514167015331,-11.422370381575725,68.8010942544947
413,14,14,EVE,IRE,35.349575280591424,-10.773259302479545,68.78396111589676
414,14,14,EVE,IRE,35.44400889102954,-10.124148223383365,68.76682797729882
415,14,14,EVE,IRE,35.53844250146766,-9.475037144287185,68.74969483870088
416,14,14,EVE,IRE,35.63287611190577,-8.825926065191005,68.73256170010293
417,14,14,EVE,IRE,35.72730972234389,-8.176814986094826,68.715428561505
418,14,14,EVE,IRE,35.821743332782006,-7.527703906998646,68.69829542290705
419,14,14,EVE,IRE,35.91617694322012,-6.878592827902466,68.68116228430911
420,14,14,EVE,IRE,36.01061055365824,-6.229481748806286,68.66402914571117
421,14,14,EVE,IRE,36.105044164096356,-5.580370669710106,68.64689600711323
422,14,14,EVE,IRE,36.19947777453447,-4.9312595906139265,68.62976286851529
423,14,14,EVE,IRE,36.29391138497259,-4.282148511517747,68.61262972991734
424,14,14,EVE,IRE,36.388344995410705,-3.6330374324215673,68.5954965913194
425,14,14,EVE,IRE,36.48277860584882,-2.983926353325388,68.57836345272146
426,14,14,EVE,LIE,30.72466877425628,-41.81316499803805,69.25295195701385
427,14,14,EVE,LIE,30.53814195851256,-42.3448499760761,68.9166852840277
428,14,14,EVE,LIE,30.351615142768843,-42.87653495411415,68.58041861104154
429,14,14,EVE,LIE,30.165088327025124,-43.4082199321522,68.24415193805538
430,14,14,EVE,LIE,29.978561511281406,-43.93990491019025,67.90788526506923
431,14,14,EVE,LIE,29.792034695537687,-44.4715898882283,67.57161859208307
432,14,14,EVE,LIE,29.60550787979397,-45.00327486626635,67.23535191909691
433,14,14,EVE,LIE,29.41898106405025,-45.5349598443044,66.89908524611076
434,14,14,EVE,LIE,29.23245424830653,-46.066644822342454,66.5628185731246
435,14,14,EVE,LIE,29.045927432562813,-46.598329800380505,66.22655190013845
436,14,14,EVE,LIE,28.859400616819094,-47.130014778418555,65.89028522715229
437,14,14,EVE,LIE,28.672873801075376,-47.661699756456606,65.55401855416613
438,14,14,EVE,LIE,28.486346985331657,-48.19338473449466,65.21775188117998
439,14,14,EVE,LIE,28.29982016958794,-48.72506971253271,64.88148520819382
440,14,14,EVE,LIE,28.11329335384422,-49.25675469057076,64.54521853520767
441,14,14,EVE,LIE,27.9267665381005,-49.78843966860881,64.20895186222151
442,14,14,EVE,LIE,27.740239722356783,-50.32012464664686,63.87268518923535
443,14,14,EVE,LIE,27.553712906613065,-50.85180962468491,63.536418516249185
444,14,14,EVE,LIE,27.367186090869346,-51.38349460272296,63.20015184326302
445,14,14,EVE,LIE,27.180659275125628,-51.91517958076101,62.86388517027686
446,14,14,EVE,LIE,26.99413245938191,-52.446864558799064,62.527618497290696
447,14,14,EVE,LIE,26.80760564363819,-52.978549536837114,62.19135182430453
448,14,14,EVE,LIE,26.621078827894472,-53.510234514875165,61.85508515131837
449,14,14,EVE,LIE,26.434552012150753,-54.041919492913216,61.51881847833221
450,14,14,EVE,LIE,26.248025196407035,-54.57360447095127,61.182551805346044
451,14,14,EVE,LIE,26.061498380663316,-55.10528944898932,60.84628513235988
452,14,14,EVE,LIE,25.874971564919598,-55.63697442702737,60.51001845937372
453,14,14,EVE,LIE,25.68844474917588,-56.16865940506542,60.173751786387555
454,14,14,EVE,LIE,25.50191793343216,-56.70034438310347,59.83748511340139
455,14,14,EVE,LIE,25.315391117688442,-57.23202936114152,59.50121844041523
456,14,14,EVE,LIE,25.128864301944724,-57.76371433917957,59.164951767429066
457,14,14,EVE,LIE,24.942337486201005,-58.29539931721762,58.8286850944429
458,14,14,EVE,LIE,24.755810670457286,-58.82708429525567,58.49241842145674
459,14,14,EVE,LIE,24.569283854713568,-59.358769273293724,58.15615174847058
460,14,14,EVE,LIE,24.38275703896985,-59.890454251331775,57.819885075484414
461,14,14,EVE,LIE,24.19623022322613,-60.422139229369826,57.48361840249825
462,14,14,EVE,LIE,24.009703407482412,-60.95382420740788,57.14735172951209
463,14,14,EVE,LIE,23.823176591738694,-61.48550918544593,56.811085056525926
464,14,14,EVE,LIE,23.636649775994975,-62.01719416348398,56.47481838353976
465,14,14,EVE,LIE,23.450122960251257,-62.54887914152203,56.1385517105536
466,14,14,EVE,LIE,23.263596144507538,-63.08056411956008,55.80228503756744
467,14,14,EVE,LIE,23.07706932876382,-63.61224909759813,55.466018364581274
468,14,14,EVE,LIE,22.8905425130201,-64.14393407563618,55.12975169159511
469,14,14,EVE,LIE,22.704015697276382,-64.67561905367424,54.79348501860895
470,14,14,EVE,LIE,22.517488881532664,-65.2073040317123,54.457218345622785
471,14,14,EVE,LIE,22.330962065788945,-65.73898900975036,54.12095167263662
472,14,14,EVE,LIE,22.144435250045227,-66.27067398778841,53.78468499965046
473,14,14,EVE,LIE,21.95790843430151,-66.80235896582647,53.448418326664296
474,14,14,EVE,LIE,21.77138161855779,-67.33404394386453,53.11215165367813
475,14,14,EVE,LIE,21.58485480281407,-67.86572892190259,52.77588498069197
476,14,14,EVE,LIE,21.398327987070353,-68.39741389994064,52.43961830770581
477,14,14,EVE,LIE,21.211801171326634,-68.9290988779787,52.103351634719644
478,14,14,FOG,TAU,-12.136001647276522,-25.4200743615866,78.19257100460015
479,14,14,FOG,TAU,-12.349142884553045,-25.9017667031732,77.80129137920031
480,14,14,FOG,TAU,-12.562284121829567,-26.383459044759803,77.41001175380046
481,14,14,FOG,TAU,-12.77542535910609,-26.865151386346405,77.01873212840061
482,14,14,FOG,TAU,-12.988566596382611,-27.346843727933006,76.62745250300077
483,14,14,FOG,TAU,-13.201707833659134,-27.828536069519608,76.23617287760092
484,14,14,FOG,TAU,-13.414849070935656,-28.31022841110621,75.84489325220108
485,14,14,FOG,TAU,-13.627990308212178,-28.79192075269281,75.45361362680123
486,14,14,FOG,TAU,-13.8411315454887,-29.273613094279412,75.06233400140138
487,14,14,FOG,TAU,-14.054272782765223,-29.755305435866013,74.67105437600154
488,14,14,FOG,TAU,-14.267414020041745,-30.236997777452615,74.27977475060169
489,14,14,FOG,TAU,-14.480555257318267,-30.718690119039216,73.88849512520184
490,14,14,FOG,TAU,-14.69369649459479,-31.200382460625818,73.497215499802
491,14,14,FOG,TAU,-14.906837731871311,-31.68207480221242,73.10593587440215
492,14,14,FOG,TAU,-15.119978969147834,-32.16376714379902,72.7146562490023
493,14,14,FOG,TAU,-15.333120206424356,-32.64545948538562,72.32337662360246
494,14,14,FOG,TAU,-15.546261443700878,-33.127151826972224,71.93209699820261
495,14,14,FOG,TAU,-15.7594026809774,-33.608844168558825,71.54081737280276
496,14,14,FOG,TAU,-15.972543918253923,-34.09053651014543,71.14953774740292
497,14,14,FOG,TAU,-16.185685155530443,-34.57222885173203,70.75825812200307
498,14,14,FOG,TAU,-16.398826392806964,-35.05392119331863,70.36697849660322
499,14,14,FOG,TAU,-16.611967630083484,-35.53561353490523,69.97569887120338
500,14,14,FOG,TAU,-16.825108867360004,-36.01730587649183,69.58441924580353
501,14,14,FOG,TAU,-17.038250104636525,-36.498998218078434,69.19313962040368
502,14,14,FOG,TAU,-17.251391341913045,-36.980690559665035,68.80185999500384
503,14,14,FOG,TAU,-17.464532579189566,-37.46238290125164,68.41058036960399
504,14,14,FOG,TAU,-17.677673816466086,-37.94407524283824,68.01930074420414
505,14,14,FOG,TAU,-17.890815053742607,-38.42576758442484,67.6280211188043
506,14,14,FOG,TAU,-18.103956291019127,-38.90745992601144,67.23674149340445
507,14,14,FOG,TAU,-18.317097528295648,-39.38915226759804,66.8454618680046
508,14,14,FOG,TAU,-18.530238765572168,-39.870844609184644,66.45418224260476
509,14,14,FOG,TAU,-18.74338000284869,-40.352536950771245,66.06290261720491
510,14,14,FOG,TAU,-18.95652124012521,-40.83422929235785,65.67162299180507
511,14,14,FOG,TAU,-19.16966247740173,-41.31592163394445,65.28034336640522
512,14,14,FOG,TAU,-19.38280371467825,-41.79761397553105,64.88906374100537
513,14,14,FOG,TAU,-19.59594495195477,-42.27930631711765,64.49778411560553
514,14,14,FOG,TAU,-19.80908618923129,-42.76099865870425,64.10650449020568
515,14,14,FOG,TAU,-20.02222742650781,-43.242691000290854,63.715224864805826
516,14,14,FOG,TAU,-20.23536866378433,-43.724383341877456,63.32394523940597
517,14,14,FOG,TAU,-20.448509901060852,-44.20607568346406,62.93266561400612
518,14,14,FOG,TAU,-20.661651138337373,-44.68776802505066,62.541385988606265
519,14,14,FOG,TAU,-20.874792375613893,-45.16946036663726,62.15010636320641
520,14,14,FOG,TAU,-21.087933612890414,-45.65115270822386,61.75882673780656
521,14,14,FOG,TAU,-21.301074850166934,-46.13284504981046,61.367547112406704
522,14,14,FOG,RIB,-11.602846888383967,-24.365563561095225,78.58902782469055
523,14,14,FOG,RIB,-11.282833366767933,-23.79274510219045,78.59420501938109
524,14,14,FOG,RIB,-10.9628198451519,-23.219926643285678,78.59938221407164
525,14,14,FOG,RIB,-10.642806323535867,-22.647108184380905,78.60455940876219
526,14,14,FOG,RIB,-10.322792801919833,-22.07428972547613,78.60973660345273
527,14,14,FOG,RIB,-10.0027792803038,-21.501471266571357,78.61491379814328
528,14,14,FOG,RIB,-9.682765758687767,-20.928652807666584,78.62009099283382
529,14,14,FOG,RIB,-9.362752237071733,-20.35583434876181,78.62526818752437
530,14,14,FOG,RIB,-9.0427387154557,-19.783015889857037,78.63044538221492
531,14,14,FOG,RIB,-8.722725193839667,-19.210197430952263,78.63562257690546
532,14,14,FOG,RIB,-8.402711672223633,-18.63737897204749,78.64079977159601
533,14,14,FOG,RIB,-8.0826981506076,-18.064560513142716,78.64597696628655
534,14,14,FOG,RIB,-7.762684628991566,-17.491742054237942,78.6511541609771
535,14,14,FOG,RIB,-7.442671107375531,-16.91892359533317,78.65633135566765
536,14,14,FOG,RIB,-7.122657585759497,-16.346105136428395,78.66150855035819
537,14,14,FOG,RIB,-6.802644064143463,-15.773286677523622,78.66668574504874
538,14,14,FOG,RIB,-6.482630542527429,-15.200468218618848,78.67186293973928
539,14,14,FOG,RIB,-6.162617020911394,-14.627649759714075,78.67704013442983
540,14,14,FOG,RIB,-5.84260349929536,-14.054831300809301,78.68221732912038
541,14,14,FOG,RIB,-5.522589977679326,-13.482012841904528,78.68739452381092
542,14,14,FOG,RIB,-5.202576456063292,-12.909194382999754,78.69257171850147
543,14,14,FOG,RIB,-4.882562934447257,-12.33637592409498,78.69774891319202
544,14,14,FOG,RIB,-4.562549412831223,-11.763557465190207,78.70292610788256
545,14,14,FOG,RIB,-4.242535891215189,-11.190739006285433,78.70810330257311
546,14,14,FOG,RIB,-3.9225223695991547,-10.61792054738066,78.71328049726365
547,14,14,FOG,RIB,-3.6025088479831204,-10.045102088475886,78.7184576919542
548,14,14,FOG,RIB,-3.282495326367086,-9.472283629571113,78.72363488664475
549,14,14,FOG,RIB,-2.962481804751052,-8.899465170666339,78.72881208133529
550,14,14,FOG,RIB,-2.6424682831350177,-8.326646711761565,78.73398927602584
551,14,14,FOG,RIB,-2.3224547615189834,-7.753828252856792,78.73916647071638
552,14,14,FOG,RIB,-2.002441239902949,-7.181009793952018,78.74434366540693
553,14,14,FOG,RIB,-1.6824277182869152,-6.608191335047245,78.74952086009748
554,14,14,FOG,RIB,-1.3624141966708812,-6.035372876142471,78.75469805478802
555,14,14,FOG,RIB,-1.0424006750548471,-5.462554417237698,78.75987524947857
556,14,14,FOG,RIB,-0.7223871534388131,-4.889735958332924,78.76505244416911
557,14,14,FOG,RIB,-0.402373631822779,-4.3169174994281505,78.77022963885966
558,14,14,FOG,RIB,-0.08236011020674494,-3.7440990405233765,78.7754068335502
559,14,14,FOG,RIB,0.23765341140928914,-3.1712805816186025,78.78058402824075
560,14,14,FOG,RIB,0.5576669330253232,-2.5984621227138285,78.7857612229313
561,14,14,FOG,RIB,0.8776804546413572,-2.0256436638090545,78.79093841762185
562,14,14,FOG,OLD,-11.731874783092785,-25.555796781588963,78.4703607771016
563,14,14,FOG,OLD,-11.54088915618557,-26.173211543177928,78.3568709242032
564,14,14,FOG,OLD,-11.349903529278354,-26.790626304766892,78.24338107130481
565,14,14,FOG,OLD,-11.158917902371138,-27.408041066355857,78.12989121840641
566,14,14,FOG,OLD,-10.967932275463923,-28.02545582794482,78.01640136550802
567,14,14,FOG,OLD,-10.776946648556708,-28.642870589533786,77.90291151260962
568,14,14,FOG,OLD,-10.585961021649492,-29.26028535112275,77.78942165971122
569,14,14,FOG,OLD,-10.394975394742277,-29.877700112711715,77.67593180681283
570,14,14,FOG,OLD,-10.203989767835061,-30.49511487430068,77.56244195391443
571,14,14,FOG,OLD,-10.013004140927846,-31.112529635889643,77.44895210101603
572,14,14,FOG,OLD,-9.82201851402063,-31.729944397478608,77.33546224811764
573,14,14,FOG,OLD,-9.631032887113415,-32.34735915906757,77.22197239521924
574,14,14,FOG,OLD,-9.4400472602062,-32.96477392065654,77.10848254232084
575,14,14,FOG,OLD,-9.249061633298984,-33.58218868224551,76.99499268942245
576,14,14,FOG,OLD,-9.058076006391769,-34.19960344383448,76.88150283652405
577,14,14,FOG,OLD,-8.867090379484553,-34.817018205423444,76.76801298362565
578,14,14,FOG,OLD,-8.676104752577338,-35.43443296701241,76.65452313072726
579,14,14,FOG,OLD,-8.485119125670122,-36.05184772860138,76.54103327782886
580,14,14,FOG,OLD,-8.294133498762907,-36.66926249019035,76.42754342493046
581,14,14,FOG,OLD,-8.103147871855692,-37.28667725177932,76.31405357203207
582,14,14,FOG,OLD,-7.912162244948477,-37.904092013368285,76.20056371913367
583,14,14,FOG,OLD,-7.721176618041262,-38.52150677495725,76.08707386623527
584,14,14,FOG,OLD,-7.530190991134048,-39.13892153654622,75.97358401333688
585,14,14,FOG,OLD,-7.339205364226833,-39.75633629813519,75.86009416043848
586,14,14,FOG,OLD,-7.148219737319619,-40.37375105972416,75.74660430754008
587,14,14,FOG,OLD,-6.957234110412404,-40.991165821313125,75.63311445464169
588,14,14,FOG,OLD,-6.76624848350519,-41.60858058290209,75.51962460174329
589,14,14,FOG,OLD,-6.575262856597975,-42.22599534449106,75.40613474884489
590,14,14,FOG,OLD,-6.384277229690761,-42.84341010608003,75.2926448959465
591,14,14,FOG,OLD,-6.193291602783546,-43.460824867669,75.1791550430481
592,14,14,FOG,OLD,-6.0023059758763315,-44.078239629257965,75.0656651901497
593,14,14,FOG,OLD,-5.811320348969117,-44.69565439084693,74.9521753372513
594,14,14,FOG,OLD,-5.620334722061902,-45.3130691524359,74.83868548435291
595,14,14,FOG,OLD,-5.429349095154688,-45.93048391402487,74.72519563145451
596,14,14,FOG,OLD,-5.238363468247473,-46.54789867561384,74.61170577855611
597,14,14,FOG,OLD,-5.047377841340259,-47.165313437202805,74.49821592565772
598,14,14,FOG,OLD,-4.856392214433044,-47.78272819879177,74.38472607275932
599,14,14,FOG,OLD,-4.66540658752583,-48.40014296038074,74.27123621986092
600,14,14,FOG,OLD,-4.474420960618615,-49.01755772196971,74.15774636696253
601,14,14,FOG,OLD,-4.283435333711401,-49.63497248355868,74.04425651406413
602,14,14,FOG,OLD,-4.092449706804186,-50.252387245147645,73.93076666116573
603,14,14,FOG,OLD,-3.901464079896971,-50.86980200673661,73.81727680826734
604,14,14,FOG,OLD,-3.710478452989756,-51.48721676832558,73.70378695536894
605,14,14,FOG,OLD,-3.519492826082541,-52.10463152991455,73.59029710247054
606,14,14,FOG,OLD,-3.328507199175326,-52.72204629150352,73.47680724957215
607,14,14,FOG,OLD,-3.137521572268111,-53.339461053092485,73.36331739667375
608,14,14,FOG,OLD,-2.946535945360896,-53.95687581468145,73.24982754377535
609,14,14,FOG,OLD,-2.755550318453681,-54.57429057627042,73.13633769087696
610,14,14,FOG,OLD,-2.564564691546466,-55.19170533785939,73.02284783797856
611,14,14,FOG,OLD,-2.373579064639251,-55.80912009944836,72.90935798508016
612,14,14,FOG,OLD,-2.182593437732036,-56.426534861037325,72.79586813218177
613,14,14,FOG,OLD,-1.9916078108248212,-57.04394962262629,72.68237827928337
614,14,14,FOG,OLD,-1.8006221839176062,-57.66136438421526,72.56888842638497
615,14,14,FOG,OLD,-1.6096365570103912,-58.27877914580423,72.45539857348658
616,14,14,FOG,OLD,-1.4186509301031762,-58.8961939073932,72.34190872058818
617,14,14,FOG,OLD,-1.2276653031959612,-59.513608668982165,72.22841886768978
618,14,14,FOG,OLD,-1.0366796762887462,-60.13102343057113,72.11492901479139
619,14,14,FOG,OLD,-0.8456940493815314,-60.7484381921601,72.00143916189299
620,14,14,FOG,OLD,-0.6547084224743165,-61.36585295374907,71.88794930899459
621,14,14,GIG,IRE,41.81672472573655,-21.36076731630673,51.652618596983956
622,14,14,GIG,IRE,41.678380861473094,-20.89119861261346,52.08956556396791
623,14,14,GIG,IRE,41.54003699720964,-20.421629908920192,52.52651253095186
624,14,14,GIG,IRE,41.401693132946185,-19.952061205226922,52.963459497935816
625,14,14,GIG,IRE,41.26334926868273,-19.482492501533653,53.40040646491977
626,14,14,GIG,IRE,41.12500540441928,-19.012923797840383,53.83735343190372
627,14,14,GIG,IRE,40.98666154015582,-18.543355094147113,54.274300398887675
628,14,14,GIG,IRE,40.84831767589237,-18.073786390453844,54.71124736587163
629,14,14,GIG,IRE,40.70997381162891,-17.604217686760574,55.14819433285558
630,14,14,GIG,IRE,40.57162994736546,-17.134648983067304,55.585141299839535
631,14,14,GIG,IRE,40.433286083102004,-16.665080279374035,56.02208826682349
632,14,14,GIG,IRE,40.29494221883855,-16.195511575680765,56.45903523380744
633,14,14,GIG,IRE,40.156598354575095,-15.725942871987494,56.895982200791394
634,14,14,GIG,IRE,40.01825449031164,-15.256374168294222,57.33292916777535
635,14,14,GIG,IRE,39.879910626048186,-14.78680546460095,57.7698761347593
636,14,14,GIG,IRE,39.74156676178473,-14.31723676090768,58.206823101743254
637,14,14,GIG,IRE,39.60322289752128,-13.847668057214408,58.64377006872721
638,14,14,GIG,IRE,39.46487903325782,-13.378099353521137,59.08071703571116
639,14,14,GIG,IRE,39.32653516899437,-12.908530649827865,59.51766400269511
640,14,14,GIG,IRE,39.188191304730914,-12.438961946134594,59.95461096967907
641,14,14,GIG,IRE,39.04984744046746,-11.969393242441322,60.39155793666302
642,14,14,GIG,IRE,38.911503576204005,-11.49982453874805,60.82850490364697
643,14,14,GIG,IRE,38.77315971194055,-11.03025583505478,61.265451870630926
644,14,14,GIG,IRE,38.634815847677096,-10.560687131361508,61.70239883761488
645,14,14,GIG,IRE,38.49647198341364,-10.091118427668237,62.13934580459883
646,14,14,GIG,IRE,38.35812811915019,-9.621549723974965,62.576292771582786
647,14,14,GIG,IRE,38.21978425488673,-9.151981020281694,63.01323973856674
648,14,14,GIG,IRE,38.08144039062328,-8.682412316588422,63.45018670555069
649,14,14,GIG,IRE,37.943096526359824,-8.212843612895151,63.887133672534645
650,14,14,GIG,IRE,37.80475266209637,-7.7432749092018796,64.3240806395186
651,14,14,GIG,IRE,37.666408797832915,-7.273706205508608,64.76102760650255
652,14,14,GIG,IRE,37.52806493356946,-6.804137501815337,65.1979745734865
653,14,14,GIG,IRE,37.389721069306006,-6.334568798122065,65.63492154047046
654,14,14,GIG,IRE,37.25137720504255,-5.865000094428794,66.07186850745441
655,14,14,GIG,IRE,37.1130333407791,-5.3954313907355225,66.50881547443836
656,14,14,GIG,IRE,36.97468947651564,-4.925862687042251,66.94576244142232
657,14,14,GIG,IRE,36.83634561225219,-4.45629398334898,67.38270940840627
658,14,14,GIG,IRE,36.698001747988734,-3.9867252796557087,67.81965637539022
659,14,14,GIG,IRE,36.55965788372528,-3.5171565759624377,68.25660334237418
660,14,14,GIG,IRE,36.421314019461825,-3.0475878722691667,68.69355030935813
661,14,14,GIG,LIE,41.69030098554788,-22.43054203655382,51.230069461408966
662,14,14,GIG,LIE,41.425533381095754,-23.03074805310764,51.24446729281793
663,14,14,GIG,LIE,41.16076577664363,-23.63095406966146,51.258865124226894
664,14,14,GIG,LIE,40.895998172191504,-24.23116008621528,51.27326295563586
665,14,14,GIG,LIE,40.63123056773938,-24.8313661027691,51.28766078704482
666,14,14,GIG,LIE,40.366462963287255,-25.43157211932292,51.302058618453785
667,14,14,GIG,LIE,40.10169535883513,-26.03177813587674,51.31645644986275
668,14,14,GIG,LIE,39.836927754383005,-26.631984152430558,51.33085428127171
669,14,14,GIG,LIE,39.57216014993088,-27.232190168984378,51.345252112680676
670,14,14,GIG,LIE,39.307392545478756,-27.832396185538197,51.35964994408964
671,14,14,GIG,LIE,39.04262494102663,-28.432602202092017,51.3740477754986
672,14,14,GIG,LIE,38.777857336574506,-29.032808218645837,51.38844560690757
673,14,14,GIG,LIE,38.51308973212238,-29.633014235199656,51.40284343831653
674,14,14,GIG,LIE,38.24832212767026,-30.233220251753476,51.417241269725494
675,14,14,GIG,LIE,37.98355452321813,-30.833426268307296,51.43163910113446
676,14,14,GIG,LIE,37.71878691876601,-31.433632284861115,51.44603693254342
677,14,14,GIG,LIE,37.45401931431388,-32.03383830141493,51.460434763952385
678,14,14,GIG,LIE,37.18925170986176,-32.63404431796875,51.47483259536135
679,14,14,GIG,LIE,36.92448410540963,-33.23425033452257,51.48923042677031
680,14,14,GIG,LIE,36.65971650095751,-33.83445635107639,51.503628258179276
681,14,14,GIG,LIE,36.39494889650538,-34.43466236763021,51.51802608958824
682,14,14,GIG,LIE,36.13018129205326,-35.03486838418403,51.5324239209972
683,14,14,GIG,LIE,35.865413687601134,-35.63507440073785,51.54682175240617
684,14,14,GIG,LIE,35.60064608314901,-36.23528041729167,51.56121958381513
685,14,14,GIG,LIE,35.335878478696884,-36.83548643384549,51.575617415224094
686,14,14,GIG,LIE,35.07111087424476,-37.43569245039931,51.59001524663306
687,14,14,GIG,LIE,34.806343269792634,-38.03589846695313,51.60441307804202
688,14,14,GIG,LIE,34.54157566534051,-38.63610448350695,51.618810909450985
689,14,14,GIG,LIE,34.276808060888385,-39.23631050006077,51.63320874085995
690,14,14,GIG,LIE,34.01204045643626,-39.83651651661459,51.64760657226891
691,14,14,GIG,LIE,33.747272851984135,-40.43672253316841,51.66200440367788
692,14,14,GIG,LIE,33.48250524753201,-41.03692854972223,51.67640223508684
693,14,14,GIG,LIE,33.217737643079886,-41.637134566276046,51.690800066495804
694,14,14,GIG,LIE,32.95297003862776,-42.237340582829866,51.70519789790477
695,14,14,GIG,LIE,32.688202434175636,-42.837546599383685,51.71959572931373
696,14,14,GIG,LIE,32.42343482972351,-43.437752615937505,51.733993560722695
697,14,14,GIG,LIE,32.15866722527139,-44.037958632491325,51.74839139213166
698,14,14,GIG,LIE,31.893899620819262,-44.638164649045144,51.76278922354062
699,14,14,GIG,LIE,31.629132016367137,-45.238370665598964,51.777187054949586
700,14,14,GIG,LIE,31.364364411915012,-45.838576682152784,51.79158488635855
701,14,14,GIG,LIE,31.099596807462888,-46.4387826987066,51.80598271776751
702,14,14,GIG,LIE,30.834829203010763,-47.03898871526042,51.82038054917648
703,14,14,GIG,LIE,30.570061598558638,-47.63919473181424,51.83477838058544
704,14,14,GIG,LIE,30.305293994106513,-48.23940074836806,51.849176211994404
705,14,14,GIG,LIE,30.04052638965439,-48.83960676492188,51.86357404340337
706,14,14,GIG,LIE,29.775758785202264,-49.4398127814757,51.87797187481233
707,14,14,GIG,LIE,29.51099118075014,-50.04001879802952,51.892369706221295
708,14,14,GIG,LIE,29.246223576298014,-50.64022481458334,51.90676753763026
709,14,14,GIG,LIE,28.98145597184589,-51.24043083113716,51.92116536903922
710,14,14,GIG,LIE,28.716688367393765,-51.84063684769098,51.935563200448186
711,14,14,GIG,LIE,28.45192076294164,-52.4408428642448,51.94996103185715
712,14,14,GIG,LIE,28.187153158489515,-53.04104888079862,51.96435886326611
713,14,14,GIG,LIE,27.92238555403739,-53.64125489735244,51.97875669467508
714,14,14,GIG,LIE,27.657617949585266,-54.24146091390626,51.99315452608404
715,14,14,GIG,LIE,27.39285034513314,-54.84166693046008,52.007552357493005
716,14,14,GIG,LIE,27.128082740681016,-55.4418729470139,52.02195018890197
717,14,14,GIG,LIE,26.86331513622889,-56.04207896356772,52.03634802031093
718,14,14,GIG,LIE,26.598547531776767,-56.64228498012154,52.050745851719896
719,14,14,GIG,LIE,26.333779927324642,-57.24249099667536,52.06514368312886
720,14,14,GIG,LIE,26.069012322872517,-57.84269701322918,52.07954151453782
721,14,14,GIG,LIE,25.804244718420392,-58.442903029783,52.09393934594679
722,14,14,GIG,LIE,25.539477113968267,-59.04310904633682,52.10833717735575
723,14,14,GIG,LIE,25.274709509516143,-59.643315062890636,52.122735008764714
724,14,14,GIG,LIE,25.009941905064018,-60.243521079444456,52.13713284017368
725,14,14,GIG,LIE,24.745174300611893,-60.843727095998275,52.15153067158264
726,14,14,GIG,LIE,24.48040669615977,-61.443933112552095,52.165928502991605
727,14,14,GIG,LIE,24.215639091707644,-62.044139129105915,52.18032633440057
728,14,14,GIG,LIE,23.95087148725552,-62.644345145659734,52.19472416580953
729,14,14,GIG,LIE,23.686103882803394,-63.244551162213554,52.209121997218496
730,14,14,GIG,LIE,23.42133627835127,-63.844757178767374,52.22351982862746
731,14,14,GIG,LIE,23.156568673899145,-64.4449631953212,52.23791766003642
732,14,14,GIG,LIE,22.89180106944702,-65.045169211875,52.25231549144539
733,14,14,GIG,LIE,22.627033464994895,-65.64537522842882,52.26671332285435
734,14,14,GIG,LIE,22.36226586054277,-66.24558124498263,52.281111154263314
735,14,14,GIG,LIE,22.097498256090645,-66.84578726153644,52.29550898567228
736,14,14,GIG,LIE,21.83273065163852,-67.44599327809026,52.30990681708124
737,14,14,GIG,LIE,21.567963047186396,-68.04619929464407,52.324304648490205
738,14,14,GIG,LIE,21.30319544273427,-68.64640531119788,52.33870247989917
739,14,14,GIG,LAW,41.364480550011926,-21.923929730584053,51.485861245985056
740,14,14,GIG,LAW,40.77389251002385,-22.017523441168105,51.75605086197011
741,14,14,GIG,LAW,40.18330447003577,-22.111117151752158,52.02624047795516
742,14,14,GIG,LAW,39.592716430047695,-22.20471086233621,52.29643009394022
743,14,14,GIG,LAW,39.00212839005962,-22.298304572920262,52.56661970992527
744,14,14,GIG,LAW,38.41154035007154,-22.391898283504315,52.83680932591032
745,14,14,GIG,LAW,37.82095231008346,-22.485491994088367,53.10699894189538
746,14,14,GIG,LAW,37.230364270095386,-22.57908570467242,53.37718855788043
747,14,14,GIG,LAW,36.63977623010731,-22.67267941525647,53.647378173865484
748,14,14,GIG,LAW,36.04918819011923,-22.766273125840524,53.91756778985054
749,14,14,GIG,LAW,35.458600150131154,-22.859866836424576,54.18775740583559
750,14,14,GIG,LAW,34.86801211014308,-22.95346054700863,54.457947021820644
751,14,14,GIG,LAW,34.277424070155,-23.04705425759268,54.7281366378057
752,14,14,GIG,LAW,33.68683603016692,-23.140647968176733,54.99832625379075
753,14,14,GIG,LAW,33.096247990178846,-23.234241678760785,55.268515869775804
754,14,14,GIG,LAW,32.50565995019077,-23.327835389344838,55.53870548576086
755,14,14,GIG,LAW,31.91507191020269,-23.42142909992889,55.80889510174591
756,14,14,GIG,LAW,31.324483870214614,-23.515022810512942,56.079084717730964
757,14,14,GIG,LAW,30.733895830226537,-23.608616521096994,56.34927433371602
758,14,14,GIG,LAW,30.14330779023846,-23.702210231681047,56.61946394970107
759,14,14,GIG,LAW,29.552719750250382,-23.7958039422651,56.889653565686125
760,14,14,GIG,LAW,28.962131710262305,-23.88939765284915,57.15984318167118
761,14,14,GIG,LAW,28.371543670274228,-23.982991363433204,57.43003279765623
762,14,14,GIG,LAW,27.78095563028615,-24.076585074017256,57.700222413641285
763,14,14,GIG,LAW,27.190367590298074,-24.17017878460131,57.97041202962634
764,14,14,GIG,LAW,26.599779550309997,-24.26377249518536,58.24060164561139
765,14,14,GIG,LAW,26.00919151032192,-24.357366205769413,58.510791261596445
766,14,14,GIG,LAW,25.418603470333842,-24.450959916353465,58.7809808775815
767,14,14,GIG,LAW,24.828015430345765,-24.544553626937518,59.05117049356655
768,14,14,GIG,LAW,24.237427390357688,-24.63814733752157,59.321360109551605
769,14,14,GIG,LAW,23.64683935036961,-24.731741048105622,59.59154972553666
770,14,14,GIG,LAW,23.056251310381533,-24.825334758689674,59.86173934152171
771,14,14,GIG,LAW,22.465663270393456,-24.918928469273727,60.131928957506766
772,14,14,GIG,LAW,21.87507523040538,-25.01252217985778,60.40211857349182
773,14,14,GIG,LAW,21.284487190417302,-25.10611589044183,60.67230818947687
774,14,14,GIG,LAW,20.693899150429225,-25.199709601025884,60.942497805461926
775,14,14,GIG,LAW,20.103311110441147,-25.293303311609936,61.21268742144698
776,14,14,GIG,LAW,19.51272307045307,-25.38689702219399,61.48287703743203
777,14,14,GIG,LAW,18.922135030464993,-25.48049073277804,61.753066653417086
778,14,14,GIG,LAW,18.331546990476916,-25.574084443362093,62.02325626940214
779,14,14,GIG,LAW,17.74095895048884,-25.667678153946145,62.29344588538719
780,14,14,GIG,LAW,17.15037091050076,-25.761271864530197,62.56363550137225
781,14,14,GIG,LAW,16.559782870512684,-25.85486557511425,62.8338251173573
782,14,14,GIG,LAW,15.969194830524607,-25.948459285698302,63.10401473334235
783,14,14,GIG,LAW,15.37860679053653,-26.042052996282354,63.37420434932741
784,14,14,GIG,LAW,14.788018750548453,-26.135646706866407,63.64439396531246
785,14,14,GIG,LAW,14.197430710560376,-26.22924041745046,63.914583581297514
786,14,14,GIG,LAW,13.606842670572298,-26.32283412803451,64.18477319728257
787,14,14,GIG,LAW,13.016254630584221,-26.416427838618564,64.45496281326761
788,14,14,GIG,LAW,12.425666590596144,-26.510021549202616,64.72515242925266
789,14,14,GIG,LAW,11.835078550608067,-26.603615259786668,64.9953420452377
790,14,14,GIG,LAW,11.24449051061999,-26.69720897037072,65.26553166122275
791,14,14,GIG,LAW,10.653902470631913,-26.790802680954773,65.5357212772078
792,14,14,GIG,LAW,10.063314430643835,-26.884396391538825,65.80591089319284
793,14,14,IRE,LAW,35.97089314976189,-3.6046002738240954,68.53041466237937
794,14,14,IRE,LAW,35.485525709523785,-4.042996530648191,68.47765469475874
795,14,14,IRE,LAW,35.00015826928568,-4.481392787472286,68.42489472713811
796,14,14,IRE,LAW,34.51479082904757,-4.919789044296381,68.37213475951748
797,14,14,IRE,LAW,34.02942338880946,-5.358185301120477,68.31937479189685
798,14,14,IRE,LAW,33.544055948571355,-5.796581557944572,68.26661482427622
799,14,14,IRE,LAW,33.05868850833325,-6.234977814768667,68.21385485665559
800,14,14,IRE,LAW,32.57332106809514,-6.673374071592763,68.16109488903496
801,14,14,IRE,LAW,32.08795362785703,-7.111770328416858,68.10833492141433
802,14,14,IRE,LAW,31.602586187618925,-7.550166585240953,68.0555749537937
803,14,14,IRE,LAW,31.117218747380818,-7.988562842065049,68.00281498617306
804,14,14,IRE,LAW,30.63185130714271,-8.426959098889144,67.95005501855243
805,14,14,IRE,LAW,30.146483866904603,-8.86535535571324,67.8972950509318
806,14,14,IRE,LAW,29.661116426666496,-9.303751612537335,67.84453508331117
807,14,14,IRE,LAW,29.17574898642839,-9.74214786936143,67.79177511569054
808,14,14,IRE,LAW,28.69038154619028,-10.180544126185525,67.73901514806991
809,14,14,IRE,LAW,28.205014105952174,-10.61894038300962,67.68625518044928
810,14,14,IRE,LAW,27.719646665714066,-11.057336639833716,67.63349521282865
811,14,14,IRE,LAW,27.23427922547596,-11.495732896657811,67.58073524520802
812,14,14,IRE,LAW,26.74891178523785,-11.934129153481907,67.52797527758739
813,14,14,IRE,LAW,26.263544344999744,-12.372525410306002,67.47521530996676
814,14,14,IRE,LAW,25.778176904761636,-12.810921667130097,67.42245534234613
815,14,14,IRE,LAW,25.29280946452353,-13.249317923954193,67.3696953747255
816,14,14,IRE,LAW,24.80744202428542,-13.687714180778288,67.31693540710486
817,14,14,IRE,LAW,24.322074584047314,-14.126110437602383,67.26417543948423
818,14,14,IRE,LAW,23.836707143809207,-14.564506694426479,67.2114154718636
819,14,14,IRE,LAW,23.3513397035711,-15.002902951250574,67.15865550424297
820,14,14,IRE,LAW,22.865972263332992,-15.44129920807467,67.10589553662234
821,14,14,IRE,LAW,22.380604823094885,-15.879695464898765,67.05313556900171
822,14,14,IRE,LAW,21.895237382856777,-16.31809172172286,67.00037560138108
823,14,14,IRE,LAW,21.40986994261867,-16.756487978546954,66.94761563376045
824,14,14,IRE,LAW,20.924502502380562,-17.19488423537105,66.89485566613982
825,14,14,IRE,LAW,20.439135062142455,-17.633280492195144,66.84209569851919
826,14,14,IRE,LAW,19.953767621904348,-18.07167674901924,66.78933573089856
827,14,14,IRE,LAW,19.46840018166624,-18.510073005843335,66.73657576327793
828,14,14,IRE,LAW,18.983032741428133,-18.94846926266743,66.6838157956573
829,14,14,IRE,LAW,18.497665301190025,-19.386865519491526,66.63105582803666
830,14,14,IRE,LAW,18.012297860951918,-19.82526177631562,66.57829586041603
831,14,14,IRE,LAW,17.52693042071381,-20.263658033139716,66.5255358927954
832,14,14,IRE,LAW,17.041562980475703,-20.70205428996381,66.47277592517477
833,14,14,IRE,LAW,16.556195540237596,-21.140450546787907,66.42001595755414
834,14,14,IRE,LAW,16.07082809999949,-21.578846803612002,66.36725598993351
835,14,14,IRE,LAW,15.585460659761383,-22.017243060436098,66.31449602231288
836,14,14,IRE,LAW,15.100093219523277,-22.455639317260193,66.26173605469225
837,14,14,IRE,LAW,14.614725779285171,-22.89403557408429,66.20897608707162
838,14,14,IRE,LAW,14.129358339047066,-23.332431830908384,66.15621611945099
839,14,14,IRE,LAW,13.64399089880896,-23.77082808773248,66.10345615183036
840,14,14,IRE,LAW,13.158623458570855,-24.209224344556574,66.05069618420973
841,14,14,IRE,LAW,12.673256018332749,-24.64762060138067,65.9979362165891
842,14,14,IRE,LAW,12.187888578094643,-25.086016858204765,65.94517624896847
843,14,14,IRE,LAW,11.702521137856538,-25.52441311502886,65.89241628134783
844,14,14,IRE,LAW,11.217153697618432,-25.962809371852956,65.8396563137272
845,14,14,IRE,LAW,10.731786257380326,-26.40120562867705,65.78689634610657
846,14,14,IRE,LAW,10.24641881714222,-26.839601885501146,65.73413637848594
847,14,14,IRE,LAW,9.761051376904115,-27.27799814232524,65.68137641086531
848,14,14,IRE,RIB,35.82560684000445,-3.1492292688160517,68.76357460163149
849,14,14,IRE,RIB,35.194953090008894,-3.1322545206321033,68.94397457326298
850,14,14,IRE,RIB,34.56429934001334,-3.115279772448155,69.12437454489447
851,14,14,IRE,RIB,33.93364559001779,-3.0983050242642065,69.30477451652595
852,14,14,IRE,RIB,33.30299184002224,-3.081330276080258,69.48517448815744
853,14,14,IRE,RIB,32.672338090026685,-3.0643555278963097,69.66557445978893
854,14,14,IRE,RIB,32.04168434003113,-3.0473807797123613,69.84597443142042
855,14,14,IRE,RIB,31.41103059003558,-3.030406031528413,70.0263744030519
856,14,14,IRE,RIB,30.780376840040027,-3.0134312833444645,70.20677437468339
857,14,14,IRE,RIB,30.149723090044475,-2.996456535160516,70.38717434631488
858,14,14,IRE,RIB,29.519069340048922,-2.9794817869765677,70.56757431794637
859,14,14,IRE,RIB,28.88841559005337,-2.9625070387926193,70.74797428957785
860,14,14,IRE,RIB,28.257761840057817,-2.945532290608671,70.92837426120934
861,14,14,IRE,RIB,27.627108090062265,-2.9285575424247225,71.10877423284083
862,14,14,IRE,RIB,26.996454340066713,-2.911582794240774,71.28917420447232
863,14,14,IRE,RIB,26.36580059007116,-2.8946080460568258,71.4695741761038
864,14,14,IRE,RIB,25.735146840075608,-2.8776332978728774,71.64997414773529
865,14,14,IRE,RIB,25.104493090080055,-2.860658549688929,71.83037411936678
866,14,14,IRE,RIB,24.473839340084503,-2.8436838015049806,72.01077409099827
867,14,14,IRE,RIB,23.84318559008895,-2.826709053321032,72.19117406262976
868,14,14,IRE,RIB,23.212531840093398,-2.8097343051370838,72.37157403426124
869,14,14,IRE,RIB,22.581878090097845,-2.7927595569531354,72.55197400589273
870,14,14,IRE,RIB,21.951224340102293,-2.775784808769187,72.73237397752422
871,14,14,IRE,RIB,21.32057059010674,-2.7588100605852386,72.9127739491557
872,14,14,IRE,RIB,20.689916840111188,-2.74183531240129,73.0931739207872
873,14,14,IRE,RIB,20.059263090115635,-2.724860564217342,73.27357389241868
874,14,14,IRE,RIB,19.428609340120083,-2.7078858160333934,73.45397386405017
875,14,14,IRE,RIB,18.79795559012453,-2.690911067849445,73.63437383568166
876,14,14,IRE,RIB,18.167301840128978,-2.6739363196654966,73.81477380731314
877,14,14,IRE,RIB,17.536648090133426,-2.656961571481548,73.99517377894463
878,14,14,IRE,RIB,16.905994340137873,-2.6399868232976,74.17557375057612
879,14,14,IRE,RIB,16.27534059014232,-2.6230120751136514,74.35597372220761
880,14,14,IRE,RIB,15.64468684014677,-2.606037326929703,74.5363736938391
881,14,14,IRE,RIB,15.01403309015122,-2.5890625787457546,74.71677366547058
882,14,14,IRE,RIB,14.383379340155669,-2.5720878305618062,74.89717363710207
883,14,14,IRE,RIB,13.752725590160118,-2.555113082377858,75.07757360873356
884,14,14,IRE,RIB,13.122071840164567,-2.5381383341939094,75.25797358036505
885,14,14,IRE,RIB,12.491418090169017,-2.521163586009961,75.43837355199653
886,14,14,IRE,RIB,11.860764340173466,-2.5041888378260126,75.61877352362802
887,14,14,IRE,RIB,11.230110590177915,-2.4872140896420643,75.79917349525951
888,14,14,IRE,RIB,10.599456840182365,-2.470239341458116,75.979573466891
889,14,14,IRE,RIB,9.968803090186814,-2.4532645932741675,76.15997343852248
890,14,14,IRE,RIB,9.338149340191263,-2.436289845090219,76.34037341015397
891,14,14,IRE,RIB,8.707495590195713,-2.4193150969062707,76.52077338178546
892,14,14,IRE,RIB,8.076841840200162,-2.4023403487223223,76.70117335341695
893,14,14,IRE,RIB,7.446188090204611,-2.385365600538374,76.88157332504844
894,14,14,IRE,RIB,6.8155343402090605,-2.3683908523544255,77.06197329667992
895,14,14,IRE,RIB,6.18488059021351,-2.351416104170477,77.24237326831141
896,14,14,IRE,RIB,5.554226840217959,-2.3344413559865287,77.4227732399429
897,14,14,IRE,RIB,4.923573090222408,-2.3174666078025803,77.60317321157439
898,14,14,IRE,RIB,4.292919340226858,-2.300491859618632,77.78357318320587
899,14,14,IRE,RIB,3.662265590231307,-2.2835171114346835,77.96397315483736
900,14,14,IRE,RIB,3.0316118402357564,-2.266542363250735,78.14437312646885
901,14,14,IRE,RIB,2.4009580902402057,-2.2495676150667867,78.32477309810034
902,14,14,IRE,RIB,1.770304340244655,-2.2325928668828383,78.50517306973182
903,14,14,IRE,RIB,1.1396505902491043,-2.21561811869889,78.68557304136331
904,14,14,IRE,RIB,0.5089968402535535,-2.1986433705149415,78.8659730129948
905,14,14,LAW,RIB,10.014748654121071,-26.309523875120284,66.02272559437473
906,14,14,LAW,RIB,9.804262718242143,-25.76031173024057,66.31361755874947
907,14,14,LAW,RIB,9.593776782363214,-25.211099585360856,66.60450952312421
908,14,14,LAW,RIB,9.383290846484286,-24.66188744048114,66.89540148749894
909,14,14,LAW,RIB,9.172804910605358,-24.112675295601427,67.18629345187368
910,14,14,LAW,RIB,8.96231897472643,-23.563463150721713,67.47718541624842
911,14,14,LAW,RIB,8.7518330388475,-23.014251005842,67.76807738062315
912,14,14,LAW,RIB,8.541347102968572,-22.465038860962284,68.05896934499789
913,14,14,LAW,RIB,8.330861167089644,-21.91582671608257,68.34986130937263
914,14,14,LAW,RIB,8.120375231210716,-21.366614571202856,68.64075327374736
915,14,14,LAW,RIB,7.909889295331786,-20.81740242632314,68.9316452381221
916,14,14,LAW,RIB,7.699403359452857,-20.268190281443427,69.22253720249684
917,14,14,LAW,RIB,7.488917423573928,-19.718978136563713,69.51342916687157
918,14,14,LAW,RIB,7.2784314876949985,-19.169765991684,69.80432113124631
919,14,14,LAW,RIB,7.067945551816069,-18.620553846804285,70.09521309562105
920,14,14,LAW,RIB,6.85745961593714,-18.07134170192457,70.38610505999578
921,14,14,LAW,RIB,6.646973680058211,-17.522129557044856,70.67699702437052
922,14,14,LAW,RIB,6.436487744179281,-16.972917412165142,70.96788898874526
923,14,14,LAW,RIB,6.226001808300352,-16.423705267285428,71.25878095312
924,14,14,LAW,RIB,6.015515872421423,-15.874493122405713,71.54967291749473
925,14,14,LAW,RIB,5.8050299365424936,-15.325280977525999,71.84056488186947
926,14,14,LAW,RIB,5.594544000663564,-14.776068832646285,72.1314568462442
927,14,14,LAW,RIB,5.384058064784635,-14.22685668776657,72.42234881061894
928,14,14,LAW,RIB,5.173572128905706,-13.677644542886856,72.71324077499368
929,14,14,LAW,RIB,4.9630861930267764,-13.128432398007142,73.00413273936842
930,14,14,LAW,RIB,4.752600257147847,-12.579220253127428,73.29502470374315
931,14,14,LAW,RIB,4.542114321268918,-12.030008108247713,73.58591666811789
932,14,14,LAW,RIB,4.331628385389989,-11.480795963368,73.87680863249263
933,14,14,LAW,RIB,4.121142449511059,-10.931583818488285,74.16770059686736
934,14,14,LAW,RIB,3.91065651363213,-10.38237167360857,74.4585925612421
935,14,14,LAW,RIB,3.700170577753201,-9.833159528728856,74.74948452561684
936,14,14,LAW,RIB,3.4896846418742715,-9.283947383849142,75.04037648999157
937,14,14,LAW,RIB,3.2791987059953422,-8.734735238969428,75.33126845436631
938,14,14,LAW,RIB,3.068712770116413,-8.185523094089714,75.62216041874105
939,14,14,LAW,RIB,2.8582268342374837,-7.6363109492099985,75.91305238311578
940,14,14,LAW,RIB,2.6477408983585544,-7.087098804330283,76.20394434749052
941,14,14,LAW,RIB,2.437254962479625,-6.537886659450568,76.49483631186526
942,14,14,LAW,RIB,2.226769026600696,-5.988674514570853,76.78572827624
943,14,14,LAW,RIB,2.0162830907217666,-5.439462369691138,77.07662024061473
944,14,14,LAW,RIB,1.8057971548428373,-4.890250224811423,77.36751220498947
945,14,14,LAW,RIB,1.595311218963908,-4.341038079931708,77.6584041693642
946,14,14,LAW,RIB,1.3848252830849788,-3.7918259350519925,77.94929613373894
947,14,14,LAW,RIB,1.1743393472060495,-3.2426137901722774,78.24018809811368
948,14,14,LAW,RIB,0.9638534113271203,-2.693401645292562,78.53108006248841
949,14,14,LAW,RIB,0.7533674754481912,-2.144189500412847,78.82197202686315
950,14,14,LAW,LIE,10.386645632753991,-27.46426882516471,65.53732671143301
951,14,14,LAW,LIE,10.548056675507983,-28.06980163032942,65.34281979286602
952,14,14,LAW,LIE,10.709467718261974,-28.67533443549413,65.14831287429904
953,14,14,LAW,LIE,10.870878761015966,-29.28086724065884,64.95380595573205
954,14,14,LAW,LIE,11.032289803769958,-29.88640004582355,64.75929903716506
955,14,14,LAW,LIE,11.19370084652395,-30.49193285098826,64.56479211859808
956,14,14,LAW,LIE,11.355111889277941,-31.09746565615297,64.37028520003109
957,14,14,LAW,LIE,11.516522932031933,-31.70299846131768,64.1757782814641
958,14,14,LAW,LIE,11.677933974785924,-32.30853126648239,63.98127136289711
959,14,14,LAW,LIE,11.839345017539916,-32.9140640716471,63.78676444433012
960,14,14,LAW,LIE,12.000756060293908,-33.519596876811804,63.592257525763124
961,14,14,LAW,LIE,12.1621671030479,-34.12512968197651,63.39775060719613
962,14,14,LAW,LIE,12.323578145801891,-34.73066248714122,63.203243688629136
963,14,14,LAW,LIE,12.484989188555883,-35.33619529230592,63.00873677006214
964,14,14,LAW,LIE,12.646400231309874,-35.94172809747063,62.81422985149515
965,14,14,LAW,LIE,12.807811274063866,-36.54726090263534,62.619722932928156
966,14,14,LAW,LIE,12.969222316817858,-37.15279370780004,62.42521601436116
967,14,14,LAW,LIE,13.13063335957185,-37.75832651296475,62.23070909579417
968,14,14,LAW,LIE,13.29204440232584,-38.36385931812946,62.036202177227175
969,14,14,LAW,LIE,13.453455445079832,-38.96939212329416,61.84169525866018
970,14,14,LAW,LIE,13.614866487833824,-39.57492492845887,61.64718834009319
971,14,14,LAW,LIE,13.776277530587816,-40.18045773362358,61.452681421526194
972,14,14,LAW,LIE,13.937688573341807,-40.78599053878828,61.2581745029592
973,14,14,LAW,LIE,14.099099616095799,-41.39152334395299,61.063667584392206
974,14,14,LAW,LIE,14.26051065884979,-41.9970561491177,60.86916066582521
975,14,14,LAW,LIE,14.421921701603782,-42.6025889542824,60.67465374725822
976,14,14,LAW,LIE,14.583332744357774,-43.20812175944711,60.480146828691225
977,14,14,LAW,LIE,14.744743787111766,-43.81365456461182,60.28563991012423
978,14,14,LAW,LIE,14.906154829865757,-44.41918736977652,60.09113299155724
979,14,14,LAW,LIE,15.067565872619749,-45.02472017494123,59.896626072990244
980,14,14,LAW,LIE,15.22897691537374,-45.630252980105936,59.70211915442325
981,14,14,LAW,LIE,15.390387958127732,-46.23578578527064,59.50761223585626
982,14,14,LAW,LIE,15.551799000881724,-46.84131859043535,59.31310531728926
983,14,14,LAW,LIE,15.713210043635716,-47.446851395600056,59.11859839872227
984,14,14,LAW,LIE,15.874621086389707,-48.05238420076476,58.924091480155276
985,14,14,LAW,LIE,16.0360321291437,-48.65791700592947,58.72958456158828
986,14,14,LAW,LIE,16.197443171897692,-49.263449811094176,58.53507764302129
987,14,14,LAW,LIE,16.358854214651686,-49.86898261625888,58.340570724454295
988,14,14,LAW,LIE,16.52026525740568,-50.47451542142359,58.1460638058873
989,14,14,LAW,LIE,16.681676300159673,-51.080048226588296,57.95155688732031
990,14,14,LAW,LIE,16.843087342913666,-51.685581031753,57.757049968753314
991,14,14,LAW,LIE,17.00449838566766,-52.29111383691771,57.56254305018632
992,14,14,LAW,LIE,17.165909428421653,-52.896646642082416,57.36803613161933
993,14,14,LAW,LIE,17.327320471175646,-53.50217944724712,57.17352921305233
994,14,14,LAW,LIE,17.48873151392964,-54.10771225241183,56.97902229448534
995,14,14,LAW,LIE,17.650142556683633,-54.713245057576536,56.784515375918346
996,14,14,LAW,LIE,17.811553599437627,-55.31877786274124,56.59000845735135
997,14,14,LAW,LIE,17.97296464219162,-55.92431066790595,56.39550153878436
998,14,14,LAW,LIE,18.134375684945613,-56.529843473070656,56.200994620217365
999,14,14,LAW,LIE,18.295786727699607,-57.13537627823536,56.00648770165037
1000,14,14,LAW,LIE,18.4571977704536,-57.74090908340007,55.81198078308338
1001,14,14,LAW,LIE,18.618608813207594,-58.346441888564776,55.617473864516384
1002,14,14,LAW,LIE,18.780019855961587,-58.95197469372948,55.42296694594939
1003,14,14,LAW,LIE,18.94143089871558,-59.55750749889419,55.2284600273824
1004,14,14,LAW,LIE,19.102841941469574,-60.163040304058896,55.0339531088154
1005,14,14,LAW,LIE,19.264252984223567,-60.7685731092236,54.83944619024841
1006,14,14,LAW,LIE,19.42566402697756,-61.37410591438831,54.644939271681416
1007,14,14,LAW,LIE,19.587075069731554,-61.979638719553016,54.45043235311442
1008,14,14,LAW,LIE,19.748486112485548,-62.58517152471772,54.25592543454743
1009,14,14,LAW,LIE,19.90989715523954,-63.19070432988243,54.061418515980435
1010,14,14,LAW,LIE,20.071308197993535,-63.796237135047136,53.86691159741344
1011,14,14,LAW,LIE,20.232719240747528,-64.40176994021185,53.67240467884645
1012,14,14,LAW,LIE,20.39413028350152,-65.00730274537656,53.477897760279454
1013,14,14,LAW,LIE,20.555541326255515,-65.61283555054128,53.28339084171246
1014,14,14,LAW,LIE,20.71695236900951,-66.21836835570599,53.08888392314547
1015,14,14,LAW,LIE,20.8783634117635,-66.8239011608707,52.89437700457847
1016,14,14,LAW,LIE,21.039774454517495,-67.42943396603542,52.69987008601148
1017,14,14,LAW,LIE,21.20118549727149,-68.03496677120013,52.505363167444486
1018,14,14,LAW,LIE,21.362596540025482,-68.64049957636485,52.31085624887749
1019,14,14,LAW,TAU,9.669263772758297,-27.198633102232844,65.65487345790304
1020,14,14,LAW,TAU,9.113292955516595,-27.53853018446569,65.57791328580608
1021,14,14,LAW,TAU,8.557322138274893,-27.878427266698534,65.50095311370912
1022,14,14,LAW,TAU,8.00135132103319,-28.21832434893138,65.42399294161216
1023,14,14,LAW,TAU,7.445380503791489,-28.558221431164224,65.3470327695152
1024,14,14,LAW,TAU,6.8894096865497865,-28.89811851339707,65.27007259741823
1025,14,14,LAW,TAU,6.333438869308084,-29.238015595629914,65.19311242532127
1026,14,14,LAW,TAU,5.777468052066382,-29.57791267786276,65.11615225322431
1027,14,14,LAW,TAU,5.22149723482468,-29.917809760095604,65.03919208112735
1028,14,14,LAW,TAU,4.665526417582978,-30.25770684232845,64.9622319090304
1029,14,14,LAW,TAU,4.109555600341276,-30.597603924561295,64.88527173693343
1030,14,14,LAW,TAU,3.553584783099574,-30.93750100679414,64.80831156483647
1031,14,14,LAW,TAU,2.997613965857872,-31.277398089026985,64.73135139273951
1032,14,14,LAW,TAU,2.4416431486161705,-31.61729517125983,64.65439122064255
1033,14,14,LAW,TAU,1.8856723313744688,-31.957192253492675,64.57743104854559
1034,14,14,LAW,TAU,1.329701514132767,-32.297089335725516,64.50047087644863
1035,14,14,LAW,TAU,0.7737306968910653,-32.63698641795836,64.42351070435167
1036,14,14,LAW,TAU,0.2177598796493636,-32.97688350019121,64.34655053225471
1037,14,14,LAW,TAU,-0.3382109375923381,-33.31678058242405,64.26959036015775
1038,14,14,LAW,TAU,-0.8941817548340398,-33.6566776646569,64.19263018806079
1039,14,14,LAW,TAU,-1.4501525720757416,-33.99657474688974,64.11567001596383
1040,14,14,LAW,TAU,-2.0061233893174433,-34.33647182912259,64.03870984386687
1041,14,14,LAW,TAU,-2.562094206559145,-34.67636891135543,63.961749671769915
1042,14,14,LAW,TAU,-3.1180650238008467,-35.01626599358828,63.88478949967296
1043,14,14,LAW,TAU,-3.6740358410425484,-35.35616307582112,63.80782932757601
1044,14,14,LAW,TAU,-4.23000665828425,-35.69606015805397,63.730869155479056
1045,14,14,LAW,TAU,-4.785977475525952,-36.03595724028681,63.6539089833821
1046,14,14,LAW,TAU,-5.341948292767654,-36.37585432251966,63.57694881128515
1047,14,14,LAW,TAU,-5.897919110009356,-36.7157514047525,63.499988639188196
1048,14,14,LAW,TAU,-6.453889927251058,-37.05564848698535,63.42302846709124
1049,14,14,LAW,TAU,-7.0098607444927605,-37.39554556921819,63.34606829499429
1050,14,14,LAW,TAU,-7.565831561734463,-37.73544265145104,63.269108122897336
1051,14,14,LAW,TAU,-8.121802378976165,-38.07533973368388,63.19214795080038
1052,14,14,LAW,TAU,-8.677773196217867,-38.41523681591673,63.11518777870343
1053,14,14,LAW,TAU,-9.23374401345957,-38.75513389814957,63.038227606606476
1054,14,14,LAW,TAU,-9.789714830701271,-39.09503098038242,62.96126743450952
1055,14,14,LAW,TAU,-10.345685647942974,-39.43492806261526,62.88430726241257
1056,14,14,LAW,TAU,-10.901656465184676,-39.77482514484811,62.807347090315616
1057,14,14,LAW,TAU,-11.457627282426378,-40.114722227080954,62.73038691821866
1058,14,14,LAW,TAU,-12.01359809966808,-40.4546193093138,62.65342674612171
1059,14,14,LAW,TAU,-12.569568916909782,-40.794516391546644,62.57646657402476
1060,14,14,LAW,TAU,-13.125539734151484,-41.13441347377949,62.4995064019278
1061,14,14,LAW,TAU,-13.681510551393187,-41.474310556012334,62.42254622983085
1062,14,14,LAW,TAU,-14.237481368634889,-41.81420763824518,62.3455860577339
1063,14,14,LAW,TAU,-14.79345218587659,-42.154104720478024,62.26862588563694
1064,14,14,LAW,TAU,-15.349423003118293,-42.49400180271087,62.19166571353999
1065,14,14,LAW,TAU,-15.905393820359995,-42.833898884943714,62.11470554144304
1066,14,14,LAW,TAU,-16.461364637601697,-43.17379596717656,62.037745369346084
1067,14,14,LAW,TAU,-17.017335454843398,-43.513693049409405,61.96078519724913
1068,14,14,LAW,TAU,-17.573306272085098,-43.85359013164225,61.88382502515218
1069,14,14,LAW,TAU,-18.1292770893268,-44.193487213875095,61.806864853055224
1070,14,14,LAW,TAU,-18.6852479065685,-44.53338429610794,61.72990468095827
1071,14,14,LAW,TAU,-19.2412187238102,-44.873281378340785,61.65294450886132
1072,14,14,LAW,TAU,-19.7971895410519,-45.21317846057363,61.575984336764364
1073,14,14,LAW,TAU,-20.3531603582936,-45.553075542806475,61.49902416466741
1074,14,14,LAW,TAU,-20.9091311755353,-45.89297262503932,61.42206399257046
1075,14,14,LAW,TAU,-21.465101992777,-46.232869707272165,61.345103820473504
1076,14,14,LAW,OLD,10.025680763067253,-27.473526577890173,65.84482603819446
1077,14,14,LAW,OLD,9.826126936134507,-28.088317135780347,65.95781844638891
1078,14,14,LAW,OLD,9.626573109201761,-28.70310769367052,66.07081085458337
1079,14,14,LAW,OLD,9.427019282269015,-29.317898251560695,66.18380326277783
1080,14,14,LAW,OLD,9.227465455336269,-29.93268880945087,66.29679567097229
1081,14,14,LAW,OLD,9.027911628403523,-30.547479367341044,66.40978807916674
1082,14,14,LAW,OLD,8.828357801470776,-31.162269925231218,66.5227804873612
1083,14,14,LAW,OLD,8.62880397453803,-31.777060483121392,66.63577289555566
1084,14,14,LAW,OLD,8.429250147605284,-32.39185104101156,66.74876530375012
1085,14,14,LAW,OLD,8.229696320672538,-33.00664159890174,66.86175771194458
1086,14,14,LAW,OLD,8.030142493739792,-33.62143215679191,66.97475012013903
1087,14,14,LAW,OLD,7.830588666807046,-34.236222714682086,67.0877425283335
1088,14,14,LAW,OLD,7.6310348398742995,-34.85101327257226,67.20073493652795
1089,14,14,LAW,OLD,7.431481012941553,-35.465803830462434,67.31372734472241
1090,14,14,LAW,OLD,7.231927186008807,-36.08059438835261,67.42671975291687
1091,14,14,LAW,OLD,7.032373359076061,-36.69538494624278,67.53971216111132
1092,14,14,LAW,OLD,6.832819532143315,-37.31017550413296,67.65270456930578
1093,14,14,LAW,OLD,6.633265705210569,-37.92496606202313,67.76569697750024
1094,14,14,LAW,OLD,6.433711878277823,-38.539756619913305,67.8786893856947
1095,14,14,LAW,OLD,6.2341580513450765,-39.15454717780348,67.99168179388916
1096,14,14,LAW,OLD,6.03460422441233,-39.769337735693654,68.10467420208361
1097,14,14,LAW,OLD,5.835050397479584,-40.38412829358383,68.21766661027807
1098,14,14,LAW,OLD,5.635496570546838,-40.998918851474,68.33065901847253
1099,14,14,LAW,OLD,5.435942743614092,-41.613709409364176,68.44365142666699
1100,14,14,LAW,OLD,5.236388916681346,-42.22849996725435,68.55664383486145
1101,14,14,LAW,OLD,5.0368350897486,-42.843290525144525,68.6696362430559
1102,14,14,LAW,OLD,4.8372812628158535,-43.4580810830347,68.78262865125036
1103,14,14,LAW,OLD,4.637727435883107,-44.07287164092487,68.89562105944482
1104,14,14,LAW,OLD,4.438173608950361,-44.68766219881505,69.00861346763928
1105,14,14,LAW,OLD,4.238619782017615,-45.30245275670522,69.12160587583374
1106,14,14,LAW,OLD,4.039065955084869,-45.917243314595396,69.2345982840282
1107,14,14,LAW,OLD,3.8395121281521227,-46.53203387248557,69.34759069222265
1108,14,14,LAW,OLD,3.6399583012193766,-47.146824430375744,69.46058310041711
1109,14,14,LAW,OLD,3.4404044742866304,-47.76161498826592,69.57357550861157
1110,14,14,LAW,OLD,3.2408506473538843,-48.37640554615609,69.68656791680603
1111,14,14,LAW,OLD,3.041296820421138,-48.99119610404627,69.79956032500048
1112,14,14,LAW,OLD,2.841742993488392,-49.60598666193644,69.91255273319494
1113,14,14,LAW,OLD,2.642189166555646,-50.220777219826616,70.0255451413894
1114,14,14,LAW,OLD,2.4426353396228997,-50.83556777771679,70.13853754958386
1115,14,14,LAW,OLD,2.2430815126901535,-51.450358335606964,70.25152995777832
1116,14,14,LAW,OLD,2.0435276857574074,-52.06514889349714,70.36452236597277
1117,14,14,LAW,OLD,1.8439738588246612,-52.67993945138731,70.47751477416723
1118,14,14,LAW,OLD,1.644420031891915,-53.29473000927749,70.59050718236169
1119,14,14,LAW,OLD,1.444866204959169,-53.90952056716766,70.70349959055615
1120,14,14,LAW,OLD,1.2453123780264228,-54.524311125057835,70.8164919987506
1121,14,14,LAW,OLD,1.0457585510936767,-55.13910168294801,70.92948440694506
1122,14,14,LAW,OLD,0.8462047241609305,-55.753892240838184,71.04247681513952
1123,14,14,LAW,OLD,0.6466508972281844,-56.36868279872836,71.15546922333398
1124,14,14,LAW,OLD,0.44709707029543827,-56.98347335661853,71.26846163152844
1125,14,14,LAW,OLD,0.24754324336269218,-57.598263914508706,71.3814540397229
1126,14,14,LAW,OLD,0.047989416429946086,-58.21305447239888,71.49444644791735
1127,14,14,LAW,OLD,-0.1515644105028,-58.827845030289055,71.60743885611181
1128,14,14,LAW,OLD,-0.3511182374355461,-59.44263558817923,71.72043126430627
1129,14,14,LAW,OLD,-0.5506720643682922,-60.0574261460694,71.83342367250073
1130,14,14,LAW,OLD,-0.7502258913010382,-60.67221670395958,71.94641608069519
1131,14,14,LAW,OLD,-0.9497797182337844,-61.28700726184975,72.05940848888964
1132,14,14,LIE,OLD,20.86606954256727,-68.39508603149177,52.75797506564081
1133,14,14,LIE,OLD,20.390935495134542,-68.22992804298354,53.17931450128161
1134,14,14,LIE,OLD,19.915801447701813,-68.06477005447532,53.60065393692241
1135,14,14,LIE,OLD,19.440667400269085,-67.89961206596709,54.021993372563216
1136,14,14,LIE,OLD,18.965533352836356,-67.73445407745886,54.44333280820402
1137,14,14,LIE,OLD,18.490399305403628,-67.56929608895064,54.86467224384482
1138,14,14,LIE,OLD,18.0152652579709,-67.40413810044241,55.286011679485625
1139,14,14,LIE,OLD,17.54013121053817,-67.23898011193418,55.70735111512643
1140,14,14,LIE,OLD,17.064997163105442,-67.07382212342596,56.12869055076723
1141,14,14,LIE,OLD,16.589863115672713,-66.90866413491773,56.550029986408035
1142,14,14,LIE,OLD,16.114729068239985,-66.7435061464095,56.97136942204884
1143,14,14,LIE,OLD,15.639595020807258,-66.57834815790127,57.39270885768964
1144,14,14,LIE,OLD,15.164460973374531,-66.41319016939305,57.814048293330444
1145,14,14,LIE,OLD,14.689326925941804,-66.24803218088482,58.23538772897125
1146,14,14,LIE,OLD,14.214192878509078,-66.0828741923766,58.65672716461205
1147,14,14,LIE,OLD,13.73905883107635,-65.91771620386837,59.07806660025285
1148,14,14,LIE,OLD,13.263924783643624,-65.75255821536014,59.49940603589366
1149,14,14,LIE,OLD,12.788790736210897,-65.58740022685191,59.92074547153446
1150,14,14,LIE,OLD,12.31365668877817,-65.42224223834369,60.34208490717526
1151,14,14,LIE,OLD,11.838522641345444,-65.25708424983546,60.763424342816066
1152,14,14,LIE,OLD,11.363388593912717,-65.09192626132723,61.18476377845687
1153,14,14,LIE,OLD,10.88825454647999,-64.926768272819,61.60610321409767
1154,14,14,LIE,OLD,10.413120499047263,-64.76161028431078,62.027442649738475
1155,14,14,LIE,OLD,9.937986451614536,-64.59645229580255,62.44878208537928
1156,14,14,LIE,OLD,9.46285240418181,-64.43129430729432,62.87012152102008
1157,14,14,LIE,OLD,8.987718356749083,-64.2661363187861,63.291460956660885
1158,14,14,LIE,OLD,8.512584309316356,-64.10097833027787,63.71280039230169
1159,14,14,LIE,OLD,8.03745026188363,-63.93582034176965,64.13413982794249
1160,14,14,LIE,OLD,7.562316214450902,-63.77066235326143,64.5554792635833
1161,14,14,LIE,OLD,7.087182167018176,-63.60550436475321,64.9768186992241
1162,14,14,LIE,OLD,6.612048119585449,-63.44034637624499,65.3981581348649
1163,14,14,LIE,OLD,6.136914072152722,-63.27518838773677,65.8194975705057
1164,14,14,LIE,OLD,5.661780024719995,-63.11003039922855,66.2408370061465
1165,14,14,LIE,OLD,5.186645977287268,-62.94487241072033,66.66217644178731
1166,14,14,LIE,OLD,4.711511929854542,-62.77971442221211,67.08351587742811
1167,14,14,LIE,OLD,4.236377882421815,-62.61455643370389,67.50485531306892
1168,14,14,LIE,OLD,3.7612438349890875,-62.44939844519567,67.92619474870972
1169,14,14,LIE,OLD,3.2861097875563603,-62.28424045668745,68.34753418435052
1170,14,14,LIE,OLD,2.810975740123633,-62.11908246817923,68.76887361999133
1171,14,14,LIE,OLD,2.335841692690906,-61.95392447967101,69.19021305563213
1172,14,14,LIE,OLD,1.8607076452581786,-61.78876649116279,69.61155249127293
1173,14,14,LIE,OLD,1.3855735978254513,-61.62360850265457,70.03289192691373
1174,14,14,LIE,OLD,0.9104395503927241,-61.45845051414635,70.45423136255454
1175,14,14,LIE,OLD,0.4353055029599968,-61.29329252563813,70.87557079819534
1176,14,14,LIE,OLD,-0.03982854447273043,-61.12813453712991,71.29691023383614
1177,14,14,LIE,OLD,-0.5149625919054577,-60.96297654862169,71.71824966947695
1178,14,14,LIE,OLD,-0.9900966393381849,-60.79781856011347,72.13958910511775
1179,14,14,LIE,TAU,20.770402910603924,-68.26002975779008,52.45752576769011
1180,14,14,LIE,TAU,20.199602231207848,-67.95981549558016,52.57841590538021
1181,14,14,LIE,TAU,19.628801551811772,-67.65960123337024,52.699306043070315
1182,14,14,LIE,TAU,19.058000872415697,-67.35938697116032,52.82019618076042
1183,14,14,LIE,TAU,18.48720019301962,-67.0591727089504,52.94108631845052
1184,14,14,LIE,TAU,17.916399513623546,-66.75895844674048,53.06197645614063
1185,14,14,LIE,TAU,17.34559883422747,-66.45874418453056,53.18286659383073
1186,14,14,LIE,TAU,16.774798154831394,-66.15852992232064,53.303756731520835
1187,14,14,LIE,TAU,16.20399747543532,-65.85831566011072,53.42464686921094
1188,14,14,LIE,TAU,15.633196796039243,-65.5581013979008,53.54553700690104
1189,14,14,LIE,TAU,15.062396116643168,-65.25788713569088,53.66642714459115
1190,14,14,LIE,TAU,14.491595437247092,-64.95767287348096,53.78731728228125
1191,14,14,LIE,TAU,13.920794757851016,-64.65745861127104,53.908207419971355
1192,14,14,LIE,TAU,13.349994078454941,-64.35724434906112,54.02909755766146
1193,14,14,LIE,TAU,12.779193399058865,-64.0570300868512,54.14998769535156
1194,14,14,LIE,TAU,12.20839271966279,-63.75681582464128,54.270877833041666
1195,14,14,LIE,TAU,11.637592040266714,-63.45660156243136,54.39176797073177
1196,14,14,LIE,TAU,11.066791360870639,-63.15638730022144,54.512658108421874
1197,14,14,LIE,TAU,10.495990681474563,-62.85617303801152,54.63354824611198
1198,14,14,LIE,TAU,9.925190002078487,-62.5559587758016,54.75443838380208
1199,14,14,LIE,TAU,9.354389322682412,-62.25574451359168,54.875328521492186
1200,14,14,LIE,TAU,8.783588643286336,-61.95553025138176,54.99621865918229
1201,14,14,LIE,TAU,8.21278796389026,-61.65531598917184,55.117108796872394
1202,14,14,LIE,TAU,7.641987284494186,-61.35510172696192,55.2379989345625
1203,14,14,LIE,TAU,7.071186605098111,-61.054887464752,55.3588890722526
1204,14,14,LIE,TAU,6.500385925702036,-60.75467320254208,55.479779209942706
1205,14,14,LIE,TAU,5.929585246305962,-60.45445894033216,55.60066934763281
1206,14,14,LIE,TAU,5.358784566909887,-60.15424467812224,55.72155948532291
1207,14,14,LIE,TAU,4.787983887513812,-59.85403041591232,55.84244962301302
1208,14,14,LIE,TAU,4.217183208117738,-59.5538161537024,55.96333976070312
1209,14,14,LIE,TAU,3.646382528721663,-59.25360189149248,56.084229898393225
1210,14,14,LIE,TAU,3.075581849325588,-58.95338762928256,56.20512003608333
1211,14,14,LIE,TAU,2.5047811699295135,-58.65317336707264,56.32601017377343
1212,14,14,LIE,TAU,1.9339804905334386,-58.35295910486272,56.44690031146354
1213,14,14,LIE,TAU,1.3631798111373636,-58.0527448426528,56.56779044915364
1214,14,14,LIE,TAU,0.7923791317412887,-57.75253058044288,56.688680586843745
1215,14,14,LIE,TAU,0.22157845234521378,-57.45231631823296,56.80957072453385
1216,14,14,LIE,TAU,-0.34922222705086114,-57.15210205602304,56.93046086222395
1217,14,14,LIE,TAU,-0.9200229064469361,-56.85188779381312,57.05135099991406
1218,14,14,LIE,TAU,-1.490823585843011,-56.5516735316032,57.17224113760416
1219,14,14,LIE,TAU,-2.061624265239086,-56.25145926939328,57.293131275294265
1220,14,14,LIE,TAU,-2.6324249446351606,-55.95124500718336,57.41402141298437
1221,14,14,LIE,TAU,-3.2032256240312353,-55.65103074497344,57.53491155067447
1222,14,14,LIE,TAU,-3.77402630342731,-55.35081648276352,57.655801688364576
1223,14,14,LIE,TAU,-4.344826982823385,-55.0506022205536,57.77669182605468
1224,14,14,LIE,TAU,-4.9156276622194595,-54.75038795834368,57.897581963744784
1225,14,14,LIE,TAU,-5.486428341615534,-54.45017369613376,58.01847210143489
1226,14,14,LIE,TAU,-6.057229021011609,-54.14995943392384,58.13936223912499
1227,14,14,LIE,TAU,-6.628029700407684,-53.84974517171392,58.260252376815096
1228,14,14,LIE,TAU,-7.198830379803758,-53.549530909504,58.3811425145052
1229,14,14,LIE,TAU,-7.769631059199833,-53.24931664729408,58.502032652195304
1230,14,14,LIE,TAU,-8.340431738595909,-52.94910238508416,58.62292278988541
1231,14,14,LIE,TAU,-8.911232417991984,-52.64888812287424,58.74381292757551
1232,14,14,LIE,TAU,-9.48203309738806,-52.34867386066432,58.864703065265616
1233,14,14,LIE,TAU,-10.052833776784135,-52.0484595984544,58.98559320295572
1234,14,14,LIE,TAU,-10.623634456180211,-51.74824533624448,59.10648334064582
1235,14,14,LIE,TAU,-11.194435135576287,-51.44803107403456,59.22737347833593
1236,14,14,LIE,TAU,-11.765235814972362,-51.14781681182464,59.34826361602603
1237,14,14,LIE,TAU,-12.336036494368438,-50.84760254961472,59.469153753716135
1238,14,14,LIE,TAU,-12.906837173764513,-50.5473882874048,59.59004389140624
1239,14,14,LIE,TAU,-13.477637853160589,-50.24717402519488,59.71093402909634
1240,14,14,LIE,TAU,-14.048438532556665,-49.94695976298496,59.83182416678645
1241,14,14,LIE,TAU,-14.61923921195274,-49.64674550077504,59.95271430447655
1242,14,14,LIE,TAU,-15.190039891348816,-49.34653123856512,60.073604442166655
1243,14,14,LIE,TAU,-15.760840570744891,-49.0463169763552,60.19449457985676
1244,14,14,LIE,TAU,-16.331641250140965,-48.74610271414528,60.31538471754686
1245,14,14,LIE,TAU,-16.90244192953704,-48.44588845193536,60.43627485523697
1246,14,14,LIE,TAU,-17.473242608933116,-48.14567418972544,60.55716499292707
1247,14,14,LIE,TAU,-18.044043288329192,-47.84545992751552,60.678055130617174
1248,14,14,LIE,TAU,-18.614843967725268,-47.5452456653056,60.79894526830728
1249,14,14,LIE,TAU,-19.185644647121343,-47.24503140309568,60.91983540599738
1250,14,14,LIE,TAU,-19.75644532651742,-46.94481714088576,61.040725543687486
1251,14,14,LIE,TAU,-20.327246005913494,-46.64460287867584,61.16161568137759
1252,14,14,LIE,TAU,-20.89804668530957,-46.34438861646592,61.282505819067694
1253,14,14,LIE,TAU,-21.468847364705645,-46.044174354256,61.4033959567578
1254,14,14,OLD,TAU,-1.3023201570870344,-60.506991719905265,71.72653477468216
1255,14,14,OLD,TAU,-1.793458908174069,-60.153973419810534,71.47213891936433
1256,14,14,OLD,TAU,-2.2845976592611037,-59.8009551197158,71.21774306404649
1257,14,14,OLD,TAU,-2.7757364103481383,-59.44793681962107,70.96334720872865
1258,14,14,OLD,TAU,-3.266875161435173,-59.09491851952634,70.70895135341081
1259,14,14,OLD,TAU,-3.7580139125222076,-58.741900219431606,70.45455549809297
1260,14,14,OLD,TAU,-4.249152663609242,-58.388881919336875,70.20015964277513
1261,14,14,OLD,TAU,-4.7402914146962765,-58.03586361924214,69.9457637874573
1262,14,14,OLD,TAU,-5.231430165783311,-57.68284531914741,69.69136793213946
1263,14,14,OLD,TAU,-5.722568916870346,-57.32982701905268,69.43697207682162
1264,14,14,OLD,TAU,-6.21370766795738,-56.97680871895795,69.18257622150378
1265,14,14,OLD,TAU,-6.704846419044415,-56.623790418863216,68.92818036618594
1266,14,14,OLD,TAU,-7.19598517013145,-56.270772118768484,68.6737845108681
1267,14,14,OLD,TAU,-7.687123921218484,-55.91775381867375,68.41938865555026
1268,14,14,OLD,TAU,-8.178262672305518,-55.56473551857902,68.16499280023243
1269,14,14,OLD,TAU,-8.669401423392552,-55.21171721848429,67.91059694491459
1270,14,14,OLD,TAU,-9.160540174479586,-54.85869891838956,67.65620108959675
1271,14,14,OLD,TAU,-9.65167892556662,-54.505680618294825,67.40180523427891
1272,14,14,OLD,TAU,-10.142817676653653,-54.15266231820009,67.14740937896107
1273,14,14,OLD,TAU,-10.633956427740687,-53.79964401810536,66.89301352364323
1274,14,14,OLD,TAU,-11.12509517882772,-53.44662571801063,66.6386176683254
1275,14,14,OLD,TAU,-11.616233929914754,-53.0936074179159,66.38422181300756
1276,14,14,OLD,TAU,-12.107372681001788,-52.740589117821166,66.12982595768972
1277,14,14,OLD,TAU,-12.598511432088822,-52.387570817726434,65.87543010237188
1278,14,14,OLD,TAU,-13.089650183175856,-52.0345525176317,65.62103424705404
1279,14,14,OLD,TAU,-13.58078893426289,-51.68153421753697,65.3666383917362
1280,14,14,OLD,TAU,-14.071927685349923,-51.32851591744224,65.11224253641836
1281,14,14,OLD,TAU,-14.563066436436957,-50.97549761734751,64.85784668110053
1282,14,14,OLD,TAU,-15.05420518752399,-50.622479317252775,64.60345082578269
1283,14,14,OLD,TAU,-15.545343938611024,-50.269461017158044,64.34905497046485
1284,14,14,OLD,TAU,-16.036482689698058,-49.91644271706331,64.09465911514701
1285,14,14,OLD,TAU,-16.527621440785094,-49.56342441696858,63.84026325982917
1286,14,14,OLD,TAU,-17.01876019187213,-49.21040611687385,63.58586740451133
1287,14,14,OLD,TAU,-17.509898942959165,-48.85738781677912,63.331471549193495
1288,14,14,OLD,TAU,-18.0010376940462,-48.504369516684385,63.077075693875656
1289,14,14,OLD,TAU,-18.492176445133236,-48.15135121658965,62.82267983855782
1290,14,14,OLD,TAU,-18.98331519622027,-47.79833291649492,62.56828398323998
1291,14,14,OLD,TAU,-19.474453947307307,-47.44531461640019,62.31388812792214
1292,14,14,OLD,TAU,-19.965592698394342,-47.09229631630546,62.0594922726043
1293,14,14,OLD,TAU,-20.456731449481378,-46.739278016210726,61.805096417286464
1294,14,14,OLD,TAU,-20.947870200568413,-46.386259716115994,61.550700561968625
1295,14,14,OLD,TAU,-21.43900895165545,-46.03324141602126,61.29630470665079
